time,Bpb_perml,totTpb_perml,Tafraction_pb,BTtotRatio_tiss,BTtotRatio_tiss2,IL6combo
0,606335.75,1070529.1,0,1.01949993699377,0.679666624662515,0
0.0035,603830.932964755,365418.819990272,0.00923095840531248,0.985950506975294,0.673224859567041,5.02494841683314
0.0208,590149.917721815,135524.877527093,0.0211254802307442,0.975293532960255,0.670765218567248,22.1241373768154
0.08333,505615.596294528,142691.061643315,0.0471733636495924,0.972322976622574,0.667727261799006,61.0575349982345
0.1,473767.326269932,144602.150575937,0.0527807192946776,0.970936222370222,0.66653305417921,67.0367678732744
0.2,225192.803576206,156137.264509698,0.0799208259221761,0.958021775307777,0.656285432142631,69.292394237708
0.3,8521.97256780314,168194.258461665,0.0932077566989786,0.938264487232863,0.641254430281508,25.6131050997943
0.4,6474.14836222383,180154.855931754,0.106281484857537,0.913172900535298,0.622302492566228,22.9509346196909
0.5,5862.8583379711,192586.508628497,0.1154242173045,0.883847606075222,0.600151166988538,24.6786821459355
0.6,5362.21251541773,205572.15656875,0.121396300072491,0.851189990721626,0.575448414673272,25.4831171559728
0.7,4921.45746859128,219179.919273364,0.124832155328818,0.816049413918302,0.548827293109261,25.5155579410129
0.8,4518.05501061307,233461.683620522,0.126217743135971,0.779093125445091,0.520793392110589,24.9295290760946
0.9,4140.23541704544,248471.21137621,0.125959615263356,0.740977354250516,0.491854289963802,23.8830626482614
1,3782.73516142608,264254.023908716,0.124392544280419,0.702246311326826,0.462435312280861,22.5227680068475
1.1,3438.69260464335,280855.239062963,0.121963630151138,0.663265791638431,0.432775333386519,21.641464400296
1.2,3108.45513135738,298314.764109464,0.119016902361842,0.624224213126149,0.402977725723223,20.7565087080976
1.3,2790.37472214194,316653.167077522,0.115627146896205,0.585355178824864,0.373247206162874,19.7091544730246
1.4,2485.24615138115,335889.947135279,0.111878258650294,0.546877116829434,0.343771094869695,18.5244136475931
1.5,2193.47889955406,356040.945130722,0.107848508717494,0.508965987421081,0.314699814884436,17.2312157252335
1.6,1913.65032421828,377120.392725457,0.10360875183324,0.471785413236889,0.286174619402019,15.8622658896527
1.7,1647.114601285,399130.482170167,0.0992252173870145,0.435458187025683,0.258302641346705,14.4428428302162
1.8,1394.7813799163,422068.605583041,0.0947566068973821,0.400107843183286,0.231194485140167,13.0009782770395
1.9,1156.42879325852,445913.775080118,0.0902576648733969,0.365834011916289,0.204942988603856,11.5611646899704
2,934.022441009446,470656.86461769,0.0857728245937876,0.332720508976472,0.179631432718809,10.1456560515635
2.1,729.360693541823,496281.566955808,0.0813413386454968,0.300832356429105,0.155333660494011,8.77473265634377
2.2,546.295524981567,522743.22926752,0.0770000562784125,0.270219726603722,0.132119570583431,7.4675512098501
2.3,390.347901512714,549999.068498853,0.072778432338073,0.24091996401928,0.110059609717436,6.24217155169834
2.4,270.308931581094,578012.00297938,0.0686999927184258,0.212957251659016,0.0892396658008755,5.11619451288347
2.5,195.41435532781,606715.634491741,0.0647862480637847,0.186348006971559,0.0697732192364855,4.10614611189943
2.6,162.562879978696,636044.316407571,0.0610531583537283,0.161101993484098,0.0518383691450703,3.21859489896259
2.7,152.255620408773,665928.211096769,0.0575125682595123,0.13722804994019,0.0357405015526127,2.44642033051846
2.8,149.875260210135,696287.731876606,0.0541728852353146,0.114736419604573,0.0220124027119629,1.78796591492791
2.9,149.831835494534,727040.60867691,0.0510396259462418,0.0936501288784068,0.0115381845645291,1.25607977769866
3,150.464195659228,758100.405447392,0.0481151409638654,0.0740173554715605,0.00519784911935766,0.867601864060323
3.1,151.17969531942,789380.075578042,0.0453979211554266,0.0559075416141768,0.00253367112692643,0.61559704712498
3.2,151.885557049439,820790.765741517,0.0428810737802203,0.0394993013523526,0.00173305904714062,0.443929015923287
3.3,152.606546342938,852246.620149672,0.0405543685436597,0.0252166213572479,0.00152511023863725,0.313855758788877
3.4,153.348027942193,883662.661783786,0.0384074480386274,0.0138544507037643,0.00147405631173264,0.215048722324972
3.5,154.111754079398,914954.524433065,0.0364299492999219,0.00648126385741933,0.00146172112010515,0.149632093916956
3.6,154.898293179905,946042.796769154,0.0346101282390461,0.00318190797666443,0.0014592607702966,0.117452389629467
3.7,155.707895333771,976851.785694894,0.0329340573717644,0.00221020747309402,0.00145986533973911,0.106040302709451
3.8,156.540965855844,1007315.00355175,0.0313871501076353,0.00197667526987869,0.00146169002923312,0.101871492992227
3.9,157.398234844814,1037371.3664536,0.0299562590757836,0.00192409108507836,0.0014642676676162,0.099565757662933
4,158.280696386563,1066963.46727734,0.0286300424971853,0.0019138327571785,0.00146746672942612,0.0977254960258522
4.1,159.189528105526,1096031.8034727,0.0273988214797441,0.00191393052184089,0.00147124257768543,0.0960275103160471
4.2,160.126051602316,1124508.73260308,0.0262543861729516,0.00191687855031456,0.00147557653630877,0.0943950146429557
4.3,161.091725229693,1152348.84223221,0.0251890333327546,0.00192093677666397,0.00148045852768579,0.0928107701329813
4.4,162.088116803836,1179505.87276009,0.0241960017449015,0.00192578727363225,0.00148588208111953,0.0912703492898153
4.5,163.116941657579,1205944.68365879,0.0232691012635271,0.00193133609269505,0.00149184320605537,0.0897720617861157
4.6,164.179990713479,1231632.61641855,0.0224027785615657,0.00193751096348715,0.00149833902728704,0.08831442648414
4.7,165.279226862535,1256544.63115772,0.0215919988927489,0.00194437002529191,0.00150536878693236,0.086897515556818
4.8,166.41673878901,1280660.02097728,0.0208322140891293,0.00195193617469112,0.00151293295254527,0.0855211672146655
4.9,167.594937885571,1303959.29844412,0.0201193479150545,0.0019601886658015,0.00152103355843876,0.0841839925099109
5,168.816494235713,1326432.40747262,0.0194496263012029,0.001969128250534,0.00152967437292123,0.0828859931006022
5.1,170.083981236425,1348066.39751347,0.0188197040917871,0.00197875377609665,0.00153885905736448,0.081626827949657
5.2,171.399718896502,1368841.52766349,0.0182266481088121,0.00198906332988291,0.00154859041197148,0.0804055226017899
5.3,172.767170996385,1388770.50793624,0.0176674365785217,0.00200007141429285,0.00155887661554667,0.0792220826275965
5.4,174.190042502345,1407872.94297247,0.017139289685655,0.0020117965271251,0.00156972718419092,0.0780766706833325
5.5,175.670687852949,1426129.83072994,0.0166401225745935,0.0020242370822125,0.00158114595536623,0.0769685698191321
5.6,177.213315116764,1443557.82218031,0.0161676780441119,0.0020374091582141,0.00159314417303578,0.0758976532200696
5.7,178.823558030436,1460195.17228589,0.0157197177259591,0.00205133881837107,0.00160573848248315,0.0748640408530761
5.8,180.504001142698,1476033.92986322,0.0152946529090695,0.00206603174108163,0.00161893468205444,0.0738673248734096
5.9,182.259512188558,1491088.9041786,0.0148908348033611,0.00208150509634668,0.00163274631409473,0.0729074464888739
6,184.098020352505,1505389.4687168,0.0145066562643207,0.00209778551932819,0.00164719621679423,0.0719847527222417
6.1,186.022633008807,1518942.05818871,0.0141408255440531,0.00211488548830069,0.00166229309768204,0.0710989514340924
6.2,188.038920580995,1531762.90491537,0.0137920911828287,0.00213282528894602,0.00167805292223199,0.0702500748123427
6.3,190.157490233003,1543879.66058901,0.0134592364146984,0.00215164151986459,0.00169450519558865,0.0694388085487843
6.4,192.382199132142,1555304.67321125,0.0131412432006697,0.00217134955544361,0.00171166171818007,0.0686649625408267
6.5,194.719455143358,1566056.03215617,0.0128371400978734,0.00219197332285089,0.00172954121657653,0.0679286750873881
6.6,197.183978220825,1576169.49443538,0.0125459230924109,0.00221356791509505,0.00174818418413397,0.0672310909288049
6.7,199.779612047935,1585657.69916499,0.0122668113675409,0.00223614828314818,0.00176760308265786,0.0665720378886799
6.8,202.513904478898,1594541.15880629,0.011999035158991,0.00225974342717488,0.0017878201754215,0.065951792297704
6.9,205.333773684617,1602843.40956981,0.011741866475444,0.00228339534829413,0.00180778945527073,0.0654452230356495
6.99,207.791361574399,1609843.41988366,0.0115188986733556,0.00230215668830703,0.00182275621168148,0.0652832118950382
7,208.057320524717,1610594.41209763,0.0114945992965294,0.00230405140917084,0.00182419740869572,0.0652856826010281
7.1,207.617989951696,237445.186093201,0.0756610687194352,0.00218862015033967,0.00176235566170865,0.0696773098753708
7.2,204.674484407875,250905.383575715,0.0704988866941493,0.00212043095484149,0.00166986856966531,0.0744396215377358
7.3,200.276061410919,265086.868063257,0.0656965775144173,0.00204332280367581,0.00156556740266977,0.0784372435457877
7.4,195.255986111151,279988.400252538,0.0612369153736902,0.00197260941592265,0.00146921369366902,0.0821397822186213
7.5,190.224706983868,295632.161986994,0.0570964192507579,0.00191204960328594,0.00138637894931941,0.0858769333520486
7.6,185.563053411493,312025.429943873,0.053255456135772,0.00186155467295563,0.00131697316616241,0.0898451316592759
7.7,181.500028021043,329176.011167347,0.0496943943196739,0.00182024660457696,0.00125961663571233,0.0942025341683577
7.8,178.11052925612,347095.777019097,0.0463935214413346,0.00178680277708277,0.00121222122186537,0.0990566378726684
7.9,175.372796030814,365778.891750751,0.0433361613918161,0.00175997684088451,0.00117297070344885,0.104447956460318
8,173.220423611075,385223.176879451,0.0405053269155674,0.00173879465354741,0.00114048191213094,0.110357874827958
8.1,173.015036235515,405435.028022877,0.0378832411046508,0.00174361776595483,0.00113890004927204,0.103486869767069
8.2,174.608902513571,426376.584311475,0.0354571722673841,0.00177253097681538,0.00116315423270054,0.0958253601551082
8.3,177.305684041895,448103.89923489,0.033207440732094,0.00181162670822823,0.00119691035712365,0.089395855961598
8.4,180.851078624658,470534.525768777,0.0311263770637626,0.00185767429504678,0.00123702373861392,0.0838020997749607
8.5,185.163383129573,493607.928575291,0.0292034695371789,0.00191010415287265,0.0012831069950969,0.078817428520079
8.6,190.258901336843,517346.510806596,0.0274235252673142,0.0019694433681397,0.00133580226556413,0.0743378622061648
8.7,196.230812305406,541790.328962713,0.0257723781048929,0.00203680193068109,0.00139621092196528,0.0703254769183601
8.8,203.212174560969,566864.721007388,0.0242426947807298,0.00211348917630935,0.00146558120431849,0.0667487342328502
8.9,211.378750221085,592423.232641005,0.0228295516581433,0.00220116069630264,0.00154547078198445,0.063583224998022
9,220.919106151439,618351.784673881,0.0215257584526358,0.00230161904568816,0.00163757664953516,0.0608048730590899
9.1,232.045324530297,644610.668789658,0.0203215846349193,0.00241707259006259,0.00174395968862732,0.0583878664907553
9.2,245.004532379613,671238.857931751,0.0192059647373841,0.00255019592343842,0.0018671080658798,0.0563063311517493
9.3,260.045609604062,698264.952803342,0.0181697603634753,0.00270417568864105,0.00200991489187892,0.0545324641249406
9.4,277.453692764767,725799.509064796,0.0172031471681149,0.00288291398226851,0.00217589844782841,0.053037117076346
9.5,297.497470095591,753798.600076753,0.0163013719524916,0.00309115061728777,0.00236918372688798,0.05178819718416
9.6,320.466930409554,782235.031716338,0.0154595825401859,0.00333444181527631,0.00259456865838078,0.0507515570507416
9.7,346.628426757109,810672.479050612,0.0146806957961781,0.00361940482099699,0.00285751193828213,0.0498960771916491
9.8,376.255056008493,838622.946141918,0.0139664088595259,0.00395335133905749,0.00316401869407619,0.0491892360006525
9.9,409.607588638991,866430.568919783,0.0133039433185275,0.0043455457685754,0.00352094835396721,0.0485978374118504
10,446.94897962643,894228.821924833,0.0126862207908728,0.00480518454066454,0.0039352210745305,0.0480887403358097
10.1,488.583067528416,921866.658017925,0.0121111268447338,0.00534225316133193,0.00441359500520481,0.0476334402304966
10.2,534.832499222207,949278.444538283,0.0115754131516461,0.00596880748785035,0.00496359693985658,0.0472057656107704
10.3,586.040876530861,976411.566217865,0.0110759558203361,0.0066946715875063,0.00559146171951969,0.046779269645074
10.4,642.707369333303,1003126.73936981,0.0106108324777309,0.00753133591317616,0.00630224100810905,0.0463398190470602
10.5,705.22250536206,1029377.06815982,0.0101772351399442,0.00848886196206189,0.00710197702287505,0.0458628417541222
10.6,774.460248733056,1055128.34222507,0.00977251105907481,0.00957294300761705,0.00799032866669622,0.0453444581157407
10.7,850.867055981042,1080307.75114308,0.00939463551342444,0.0107939687938095,0.00897282014596701,0.044764085471778
10.8,935.888242304162,1104884.61901697,0.00904138699009237,0.012148877521137,0.0100437779141758,0.0441283197296881
10.9,1030.19196238356,1128800.58677469,0.00871100614641308,0.0136454110696545,0.0112059885762816,0.0434238678372059
11,1135.83130634544,1152015.66011903,0.00840173998121309,0.0152761261642482,0.0124526111084143,0.0426624383179135
11.1,1254.15304874868,1174483.23644696,0.00811206171478029,0.0170409433668796,0.0137811833515699,0.0418439187365273
11.2,1387.23372300355,1196170.84405917,0.00784049219197651,0.0189366945462455,0.0151879860019269,0.0409751105689896
11.3,1538.63100216346,1217071.03854314,0.00758553468126085,0.0209516062091545,0.0166650742184603,0.0400794988046384
11.4,1709.8916728455,1237140.81008102,0.00734607407709775,0.0230844728799465,0.0182093941636398,0.0391590692953548
11.5,1908.30084027388,1256392.50330904,0.00712077214990058,0.0253215438801496,0.0198135776287024,0.0382412248562485
11.6,2136.24658122927,1274796.30445957,0.00690867123978293,0.0276576825760122,0.0214727501687892,0.0373356347720218
11.7,2401.0067520529,1292349.88174913,0.00670875793006708,0.030084309413969,0.023181557654557,0.0364606541602003
11.8,2712.42042166652,1309062.45302772,0.00652006365811592,0.0325920254607962,0.0249347844642683,0.0356374313429186
11.9,3081.32827757969,1324929.43199182,0.00634178735926144,0.0351734624794442,0.0267279557559637,0.0348912634732013
12,3520.26390879166,1339951.84640363,0.00617317875263534,0.0378209630198501,0.0285567598456902,0.0342496058216234
12.1,4050.05565594345,1354140.52349357,0.00601351797399583,0.0405279276068298,0.03041742281771,0.0337373160832059
12.2,4694.8753273265,1367507.65383987,0.00586214953766818,0.043288079156898,0.0323064510424852,0.0333836241800395
12.3,5491.76822507898,1380069.96056003,0.00571846448403851,0.0460961146596171,0.0342209323765619,0.0332315702636137
12.4,6487.46317807508,1391843.95898632,0.00558191184946308,0.0489467041947958,0.0361579377551252,0.0333271078820981
12.5,7740.67125566299,1402848.85912319,0.00545198233961237,0.0518350277072536,0.0381148533812041,0.0337235558190686
12.6,9347.53502342778,1413107.80575369,0.00532820122421002,0.0547569245930633,0.0400894623743323,0.0344879844547888
12.7,11422.7295454722,1422642.71994259,0.00521014277691111,0.0577086230323014,0.0420797694133121,0.0356998080862932
12.8,14104.7679413748,1431476.63120071,0.00509741620120944,0.0606866675841369,0.0440839557489098,0.0374232165362589
12.9,17555.6850906861,1439633.7510265,0.00498966243117176,0.06368803634878,0.0461004417929893,0.0396934552496668
13,21933.9221806446,1447139.64783568,0.00488654907730837,0.0667100442489234,0.0481278277867618,0.0424922783314873
13.1,27372.0810011251,1454020.12643444,0.00478776993467814,0.0697503207890263,0.0501648824033182,0.0457068777414658
13.2,33875.5063899674,1460300.79248367,0.00469303909053314,0.0728068511308551,0.0522105638211896,0.0491295565434664
13.3,41436.8374360034,1466007.51983111,0.00460209012751523,0.07587765354261,0.0542638445264496,0.0525393383218978
13.4,49934.0858269463,1471166.44677578,0.00451466982014625,0.0789611322503184,0.0563239016098035,0.0556228077344771
13.5,59178.7872030942,1475803.22873367,0.00443054000721198,0.0820559290970108,0.0583900353775568,0.0581727418253488
13.6,68997.6557012686,1479943.14646187,0.00434948014932901,0.0851607243330775,0.0604615641862163,0.0600301568265993
13.7,79107.7185310879,1483611.15233034,0.00427128118555272,0.088279234264551,0.0625379179126124,0.0610943920176611
13.8,84044.7633484383,1486833.03718985,0.00419559585803437,0.091809340981057,0.0646186316505759,0.0587621001655992
13.9,87607.2384864062,1489582.87533588,0.00412258629267195,0.0955657703279407,0.0667024269639415,0.054670858295734
13.99,90860.6871602842,1491711.65346482,0.00405888594401401,0.0990411645619604,0.0685807384558259,0.0512020694723718
14,91218.6477102307,1491933.32135651,0.00405190141112173,0.0994313057669698,0.0687896884627817,0.0509106379648668
14.1,94562.264375519,210267.958423898,0.0279256029621084,0.0993638161458868,0.0699665758282826,0.0493487055402561
14.2,97646.7918064133,222329.814358471,0.0260237450660684,0.10326195187891,0.0719639510110944,0.0487542189628176
14.3,100703.557357139,234991.320742523,0.024259767609908,0.107115827268732,0.0739881526774545,0.0480754609570563
14.4,103732.290175336,248274.983029673,0.0226233447033985,0.110930356915338,0.0760376805498307,0.0473515322405297
14.5,106747.686625312,262182.550131453,0.0211066295112607,0.114712148159272,0.0781102779068261,0.0465928522170038
14.6,109744.948403842,276754.235952067,0.0196989915289105,0.118473122988923,0.0802025117811844,0.0458037646033547
14.7,112724.517062457,291982.567820783,0.0183941714831509,0.122209106837006,0.0823157717125161,0.0449830713577994
14.8,115687.116261143,307857.849528505,0.0171858426305184,0.125928788984529,0.0844474141417906,0.0441397853398021
14.9,118632.842770505,324378.876192606,0.016067134376046,0.129633179756773,0.0865973503146999,0.0432755677637432
15,121556.736003149,341537.674707418,0.0150318382025902,0.133323260362355,0.0887647168796957,0.0425800998187471
15.1,124453.963785672,359324.656682537,0.014073996950932,0.137002978363688,0.0909477668380136,0.0422453317995232
15.2,127329.67726645,377723.52007851,0.0131880163131799,0.140675016896959,0.0931443805208197,0.0421192553004335
15.3,130185.699444383,396732.146467793,0.0123680431346584,0.144339572383813,0.0953549512657057,0.0421311796479916
15.4,133027.656541524,416336.483197945,0.0116090023499493,0.147999829395128,0.0975782013393125,0.0420857293331279
15.5,135855.218850422,436513.940952302,0.0109063466063834,0.151658103204796,0.0998137034380253,0.0420056929907058
15.6,138668.763712983,457249.431175739,0.0102555811718676,0.15531577968416,0.102061283652749,0.0418871967438552
15.7,141468.686167249,478495.513378185,0.00965315969433074,0.158976306680583,0.104319907395007,0.0417504241451244
15.8,144254.787906334,500267.782450582,0.0090944955897457,0.162638392009701,0.106590491447739,0.0415898672736655
15.9,147027.976656333,522469.253584466,0.00857735306257991,0.166305926880829,0.108871424436856,0.0414148200880258
16,149787.906035835,545136.93544917,0.00809734731760295,0.169977628234412,0.111163794136275,0.0412217360839216
16.1,152535.356230799,568135.344648916,0.00765298982306039,0.173655967758363,0.11346607650717,0.0410134744408661
16.2,155270.1233104,591499.894844097,0.0072404467224893,0.177340502914962,0.115779062828262,0.0407892878051949
16.3,157992.617689835,615102.948018165,0.00685821318342929,0.181032076697574,0.118101724830804,0.0405512455288782
16.4,160702.851943734,638940.73086318,0.00650339554743844,0.184730843798576,0.120434294987458,0.0402994096367696
16.5,163400.88088978,662945.259540799,0.00617403021910244,0.188436506172041,0.12277655634229,0.0400347599317795
16.6,166086.921728946,687018.379615944,0.00586850237620072,0.192149178481635,0.12512784059697,0.0397588217375317
16.7,168761.080334638,711128.562673495,0.00558471876922718,0.195869092174022,0.127488019020927,0.0394721139564479
16.8,171423.402237824,735203.270094899,0.00532109077205023,0.199595748993292,0.129856766865075,0.0391753785375539
16.9,174073.861526824,759157.307954413,0.00507621394860236,0.203328114802271,0.132233745235717,0.0388692339569054
17,176712.613274084,782937.541743544,0.00484857094886119,0.207066286862578,0.134618542538442,0.0385546114819751
17.1,179339.707525369,806478.9358306,0.00463684893939093,0.210809714969487,0.137010766666255,0.0382322047833468
17.2,181955.044274164,829718.941648424,0.00443982690538544,0.214557173720754,0.139410130182698,0.0379022050140315
17.3,184558.74153141,852591.397066103,0.00425641118720987,0.218308272915408,0.1418161170197,0.0375655334565805
17.4,187150.842022895,875031.38777802,0.00408559271640768,0.222062258260753,0.1442282475045,0.0372228592673425
17.5,189731.255804057,897050.198269552,0.00392611557443381,0.22581865057715,0.146646377587058,0.0368743495696354
17.6,192300.05107854,918568.28111024,0.00377725856692592,0.229576554832698,0.14906990138677,0.0365207699296315
17.7,194857.245216846,939535.284723127,0.00363823579685475,0.233335144712381,0.151498320493554,0.0361626935576585
17.8,197402.814624597,959987.302078576,0.00350801915980031,0.237094360681922,0.153931455709026,0.0358004039468565
17.9,199936.766667197,979895.033360478,0.00338594066946469,0.240853535407603,0.156368846666513,0.0354344036790259
18,202459.115155136,999215.565541108,0.00327144254882255,0.24461183599069,0.158809948826016,0.0350652409449774
18.1,204969.858067939,1017964.06186408,0.00316383641370838,0.248369029462537,0.161254500966919,0.0346932190362548
18.2,207468.994148328,1036151.85158027,0.00306252509435705,0.252124846035001,0.163702206155917,0.0343186586279883
18.3,209956.531181059,1053744.84027036,0.00296710518726741,0.255878480347808,0.166152479521504,0.0339420863493446
18.4,212432.472531719,1070730.6416017,0.00287714934714135,0.259629392397605,0.168604862680982,0.0335639121967265
18.5,214896.818622903,1087101.98220195,0.00279225972672624,0.263377863694797,0.171059397265891,0.0331841651676356
18.6,217349.573739695,1102844.87825975,0.00271209190339134,0.26712310574454,0.173515438645111,0.0328033742966851
18.7,219790.740855709,1117947.62442929,0.00263632824985655,0.270864683260846,0.175972549812902,0.032421898835657
18.8,222220.325149395,1132364.31618876,0.00256475866275694,0.274602406378423,0.178430527529392,0.0320399267224048
18.9,224638.331574141,1146052.53998151,0.00249717939370357,0.278336071010817,0.180889138531476,0.0316576633820737
19,227044.762760821,1159005.90666639,0.00243332470431907,0.282065209646969,0.183347871017294,0.0312754946969087
19.1,229439.622984709,1171198.9271992,0.00237299285523961,0.285789479943601,0.185806342021261,0.0308937066826675
19.2,231822.926745452,1182568.08813885,0.00231607557439738,0.289508564641025,0.188264505685359,0.0305123160366901
19.3,234194.675095641,1193099.88557883,0.00226237282936565,0.293222117299449,0.190721856076795,0.0301316936628211
19.4,236554.873657186,1202763.82233889,0.00221173502237742,0.296929803231786,0.193178029154468,0.0297520901052947
19.5,238903.535953938,1211593.93524976,0.00216391132443995,0.300631789221826,0.195632916623432,0.0293736274907401
19.6,241240.674609989,1219616.9129377,0.0021186882037047,0.304328215362367,0.198086383928986,0.0289964425681353
19.7,243566.294043987,1226792.43135798,0.00207598454896256,0.308018715324509,0.200538015476621,0.0286208054364018
19.8,245880.40324669,1233154.11841482,0.00203560438400956,0.311703554530723,0.202987618569477,0.0282469136039143
19.9,248183.024585534,1239565.50811478,0.00199603313430354,0.315390559995705,0.205436975080395,0.0278747809003004
20,250474.16637379,1245988.31458395,0.0019573148519614,0.319079715477052,0.207885812844596,0.027504612738902
20.1,252753.842646552,1252747.45156372,0.00191893163777716,0.322774392644951,0.210334737448852,0.0271365363492553
20.2,255022.06815304,1259489.97306995,0.00188142867806801,0.32647030308425,0.212782865392742,0.0267706846844392
20.3,257278.859277269,1264913.69400796,0.00184668344002005,0.330151704503581,0.215227105434793,0.0264071906280587
20.4,259524.232303275,1269373.37060871,0.0018140374428953,0.33382151755543,0.217668069983426,0.0260461521143189
20.5,261758.208869733,1273432.05927817,0.00178259892253222,0.337486882625546,0.220106771804356,0.0256876723052008
20.6,263980.806036062,1277034.66519115,0.00175239524645052,0.341146704481224,0.222542909462117,0.0253318655881999
20.7,266192.042374519,1280195.05155285,0.00172335814527633,0.344800843308969,0.224976335052045,0.0249788276335968
20.8,268391.939647224,1283075.25593732,0.0016952283640839,0.348451342728809,0.227407251852845,0.0246286149537204
20.9,270580.515731372,1285714.79698461,0.00166792312933786,0.352098504276569,0.229835581671467,0.024281338180616
20.99,272535.107179027,1287886.58175633,0.00164434393402619,0.355377882166671,0.232018739741028,0.0243517105571702
21,271599.612610032,1288029.75485746,0.0017014190775128,0.355724111447247,0.232255050986848,0.1132098407013
21.0035,270242.498327676,445333.539818913,0.00527627834916875,0.344849887280133,0.230268800001883,0.347371684078485
21.02083,266794.711149232,171652.371232496,0.0126360733829119,0.341908222675991,0.229865083461997,0.702845773813052
21.08333,269315.442889191,177657.225689597,0.0122053299230673,0.343861698584963,0.230902994174614,0.316655759815862
21.1,269771.555945195,179375.84300168,0.0121018678912154,0.34437840216604,0.2311868647914,0.304499198548165
21.2,272118.513464402,189990.31534637,0.0114862733531112,0.347435608830324,0.232919673942746,0.282667875115532
21.3,274357.377628713,201141.453724791,0.0108858955150262,0.350429827553374,0.23469137512823,0.268173789191727
21.4,276601.472460557,212852.760213634,0.010306179188428,0.353373961485413,0.23649770653274,0.254127514399038
21.5,278640.644264131,225109.857623256,0.00974982804414831,0.356304714038972,0.23833352068141,0.240379428184123
21.6,280558.890873101,237925.567742417,0.00921955925796765,0.359268759733584,0.240186132691538,0.22694412696374
21.7,282501.247944742,251345.523645209,0.00871534995164228,0.362272719688443,0.242051652605255,0.214069777065018
21.8,284418.180778506,265358.673919655,0.00823666614881218,0.36531998790717,0.243930277138558,0.201714737860359
21.9,286358.799042154,279954.540687041,0.00778426402966956,0.368403685713206,0.245822691223162,0.1899266222944
22,288326.539123669,295132.505733338,0.00735701788541646,0.371523079084796,0.247729214109714,0.178708704627113
22.1,290305.999999414,310882.59617896,0.00695438024919646,0.374676716231095,0.249650185140924,0.168038079374363
22.2,292293.679554099,327196.705504172,0.00657555264918559,0.377862836303977,0.251585963884557,0.157905766698208
22.3,294288.219603455,344069.73848622,0.00621913005490368,0.381080883314091,0.253536618721126,0.148299958839633
22.4,296282.67205358,361481.922601393,0.00588454196865922,0.384327975891358,0.255502106097128,0.139187099674817
22.5,298280.261267867,379436.234647634,0.00556994312536817,0.38760497886472,0.257482703953636,0.130576720364749
22.6,300277.745884398,397889.886123963,0.00527493657375356,0.390907663834214,0.259477722610216,0.122420457079917
22.7,302272.611721536,416844.21566438,0.00499810053939577,0.394235981590945,0.261487512839105,0.114714444508609
22.8,304262.666095309,436286.401692045,0.00473835052946216,0.397588742612085,0.263512071761709,0.10744167887111
22.9,306248.990074425,456135.711536325,0.00449520226213888,0.400963013109801,0.265550607299311,0.100581841470666
23,308231.055146399,476344.801859954,0.00426774897973402,0.404356669742757,0.267602702624474,0.0941162434306916
23.1,310206.468883407,496904.994595041,0.00405481491997324,0.407768674294218,0.269668378888155,0.0880280832269159
23.2,312174.185492527,517777.798728322,0.00385551132461629,0.411197294192576,0.271747286008917,0.0822995018914166
23.3,314135.477805911,538858.238177527,0.00366931089701018,0.414639541159518,0.273838102322769,0.0769132895770124
23.4,316088.407701414,560133.408890662,0.00349517865840687,0.418094028282489,0.275940819853881,0.0718513374998815
23.5,318032.15089436,581558.468249268,0.00333231905033786,0.421558802599287,0.278054959752676,0.0670958487054037
23.6,319966.909748789,603079.163609703,0.00317997858247919,0.425032242052716,0.280179687925176,0.0626333126147081
23.7,321892.740171789,624642.584718931,0.00303744362106971,0.428512591560584,0.282314197623526,0.0584496071744116
23.8,323808.654943558,646205.382384265,0.00290405084190962,0.431997701041062,0.284458014352365,0.0545262551571128
23.9,325714.198987759,667719.784664645,0.00277917997822558,0.43548558963082,0.286610474392969,0.0508471042656664
24,327610.303270602,689147.482829235,0.00266214318688139,0.438975772068935,0.288770627391127,0.0474068181973848
24.1,329496.119247237,710438.018529363,0.00255245397526779,0.442465721239025,0.290937839682882,0.0441861742203376
24.2,331371.399113076,731545.034972551,0.00244961471763562,0.445953535483232,0.29311134371062,0.0411706374841916
24.3,333236.21057572,752424.159542137,0.00235313653514005,0.449437921594201,0.295290352562127,0.0383504878325133
24.4,335090.726375713,773031.68014694,0.00226256196544972,0.45291775850653,0.297474053476203,0.0357176079043123
24.5,336934.607405647,793320.665814268,0.00217752000813864,0.456390810033933,0.299661606437471,0.033256069574566
24.6,338767.734081947,813245.56610096,0.00209765007476887,0.459855248438248,0.301852149294822,0.0309532946366451
24.7,340590.409636946,832762.912459784,0.00202257427861336,0.46331081287563,0.304045034030037,0.0288079168313596
24.8,342402.442859528,851826.80176196,0.00195200186621218,0.466755324019881,0.30623930765916,0.0268054585811624
24.9,344203.768962285,870391.953374223,0.00188565302153817,0.470187036632401,0.308434063494227,0.0249347947272656
25,345994.42409959,888423.52152888,0.0018232389286182,0.473604943842822,0.310628555341796,0.0231885314460281
25.1,347774.566926863,905902.052367742,0.00176445384342712,0.477009079852584,0.312822277437647,0.021564092731862
25.2,349544.099684633,922775.874228413,0.00170911245270494,0.480397239299005,0.315014154601464,0.0200488180916932
25.3,351303.0238946,939005.789846163,0.00165701056387072,0.483768037016094,0.317203298330181,0.0186339516407931
25.4,353051.469385213,954630.260576277,0.00160781170731174,0.487122723114953,0.319389595739971,0.0173178629388794
25.5,354789.464574372,969626.368281589,0.00156133477438749,0.490460475390054,0.321572295527519,0.0160932897669504
25.6,356517.012926079,983956.091289797,0.00151744294010855,0.493779931574515,0.323750469221743,0.0149515841049099
25.7,358234.157314054,997619.003154852,0.00147594813722486,0.49708080226427,0.325923528361448,0.0138867003222724
25.8,359941.012065049,1010739.92564353,0.00143648612411981,0.500365922615817,0.328092008712276,0.0128990300247847
25.9,361637.586068877,1023258.86278049,0.00139901686189002,0.503633590543954,0.330254774724166,0.0119794659563807
26,363323.925646897,1035181.43139608,0.00136340470665568,0.506883722134916,0.332411266318143,0.0111222730857991
26.1,365000.097568043,1046580.0640206,0.0013294327762764,0.510117488779869,0.334561621027106,0.0103253443561218
26.2,366666.164915092,1057515.14807361,0.00129692471727331,0.513335882619391,0.336705856331597,0.00958591868222013
26.3,368322.170697726,1067981.47896596,0.00126581009467841,0.516538694263926,0.338843288331914,0.00889767344889146
26.4,369968.167795568,1078006.10369926,0.00123598270494237,0.519726332257776,0.34097356797261,0.00825603724527554
26.5,371604.212740033,1087652.82438025,0.00120729455689356,0.522899757538223,0.343097183667221,0.00766141068795322
26.6,373230.358913004,1096949.50408881,0.00117966194263226,0.526059453212188,0.345213788007877,0.00710916774071832
26.7,374846.660962343,1105937.85807597,0.00115299020446057,0.529206124216187,0.347323356824786,0.00659659942781587
26.8,376453.176077996,1114494.89199889,0.00112736371806548,0.532337488897863,0.349425207188817,0.00612080601306653
26.9,378049.966880664,1122114.1234122,0.00110324149890536,0.535444145941591,0.35151702084635,0.00567799903897162
27,379637.089157982,1128825.08561861,0.00108050494966373,0.538526346310599,0.353598788758309,0.00526628065927824
27.1,381214.602241706,1134415.27777419,0.00105927919300341,0.541579842101457,0.35566948525406,0.00488329187132957
27.2,382782.544755,1139593.33104756,0.00103882144039858,0.544619687243641,0.357731772351954,0.00452769305945511
27.3,384340.961314007,1144801.50869326,0.00101869882639208,0.547655765905902,0.359787331809274,0.00419797726944405
27.4,385889.910062618,1149880.38207528,0.000999051501952847,0.550685393224753,0.361835440763667,0.00389199119782269
27.5,387429.446298426,1154593.31056876,0.000980072954245462,0.55370213769086,0.363875127409906,0.00360825907644193
27.6,388959.622852582,1158939.80999276,0.0009617389611141,0.556705745453083,0.365906314252043,0.0033450464766972
27.7,390480.491606814,1163010.30152551,0.000943951544172393,0.559698422153083,0.367929281686349,0.00310051940199748
27.8,391992.097552525,1166717.46928185,0.000926758678895491,0.562677340049513,0.369943602936441,0.00287393698705485
27.9,393494.492453577,1170068.97292114,0.000910133430566275,0.565642428063445,0.37194923556601,0.0026636567792273
28,394987.727512304,1173064.59741938,0.000894056357549925,0.568593380919438,0.373946106791765,0.00246811107895754
28.1,396471.843810793,1175821.21158835,0.000878419412915364,0.571532742420364,0.375934650431142,0.00228721391257647
28.2,397946.892804927,1178317.17587387,0.000863226054674104,0.574459669801544,0.377914714740763,0.00211935085877918
28.3,399412.922617961,1180571.11936318,0.000848449511714729,0.577374324270321,0.379886323730444,0.00196341767547742
28.4,400869.977318507,1182599.67659525,0.00083406489917082,0.580276983518722,0.381849510314542,0.00181916188474207
28.5,402318.105734187,1184422.93160642,0.000820047795534917,0.583167830502484,0.383804309175718,0.00168532625410348
28.6,403757.354461947,1186053.98420787,0.000806379318213764,0.58604695150183,0.385750736143708,0.00156110755598604
28.7,405187.766959038,1187480.49184648,0.000793057473651247,0.588913843014009,0.387688709823992,0.00144629227401815
28.8,406609.391512598,1188729.25071672,0.000780056177409294,0.591768911082248,0.389618304124723,0.00133975972150066
28.9,408022.274680038,1189813.04026869,0.000767359337496432,0.594612242625272,0.391539541444745,0.0012407140962882
29,409426.459532873,1190740.91558416,0.000754953566806773,0.59744383400983,0.393452434903113,0.00114881777177917
29.1,410821.987873806,1191520.57613569,0.000742826788040836,0.60026364891429,0.395356995624914,0.00106389988978089
