patient_id,Bpbo_perml,Bpbref_perml,Trpbo_perml,Trpbref_perml,kBtumorprolif,KBptumor,KTrptumor,BT_ratio_tumor_init,Btumor_perml_init,tumor_burden_factor,kBapop,kBkill,fBkill,kBprolif,kTaexit,kTact,fTadeact,fTap,kTaapop,fTaprolif,fTrapop
1,250000.0,250000.0,500000.0,500000.0,0.04603900921445713,13149.648382953572,216.640070039692,30.34906788145042,3287412095.738393,1.0115114140733517,0.01522418124613853,359.0285407059054,0.005330102238664084,0.011528490410108547,0.3149478140542705,5.958916276377357,0.03315653227560437,3.888572476543308,0.16500396867334516,1.4109378179578764,0.6117008659891485
6,250000.0,250000.0,500000.0,500000.0,0.10890655094269815,13521.16567153791,436.1326170565741,15.50120897032562,3380291417.8844776,1.0400896670413777,0.010083612150817363,323.86778617908294,0.02550608055065526,0.012886898437738159,0.25633539012837875,6.214479937434029,0.0017826996035426484,5.272681564233148,0.08418157914692302,0.8063747344793297,0.21086286588748426
7,250000.0,250000.0,500000.0,500000.0,0.14015937619446983,12801.11149214808,970.925484248804,6.592221390734316,3200277873.03702,0.9847008840113908,0.03950635734554513,310.1239833470572,0.008200006131818918,0.03837789602183451,0.10602490394671597,9.2727975013366,0.006212775601385588,7.982624124001182,0.08215206573000285,5.055047164194391,0.42362324045038663
11,250000.0,250000.0,500000.0,500000.0,0.11085948320911221,12756.02461359575,503.87147662168655,12.65801420147974,3189006153.398937,0.9812326625842884,0.011742220984047468,421.0703573451737,0.01503278402969913,0.011390426171111393,0.3687257456608403,8.042491093278391,0.006173106398449839,4.747028780513674,0.12639465835261549,3.992655312831925,0.2891579130762146
12,250000.0,250000.0,500000.0,500000.0,0.14636288361960267,12045.123620159384,89.7569082741332,67.09858801826977,3011280905.039846,0.9265479707814911,0.012370848028312018,292.69259967209587,0.0545747364128506,0.03477224530131669,0.18920485203443113,9.282039400811197,0.07524051946875501,9.741115615417362,0.09049511537681576,1.0256598574081939,0.6406692081084983
13,250000.0,250000.0,500000.0,500000.0,0.08964284512736202,13170.938314016035,401.8356007492512,16.38846619047426,3292734578.504009,1.0131491010781566,0.01710634025934904,435.0153406389551,0.37289566792450385,0.01111243114363182,0.21461771904949759,9.036497439490516,0.012800784062661877,1.6858716634321675,0.1640209090019973,0.9406062092442098,0.31222383455409064
15,250000.0,250000.0,500000.0,500000.0,0.06119940194679206,14225.305976305634,245.19811916688386,29.00777955524156,3556326494.0764084,1.094254305869664,0.010715631944417697,381.18239834144595,0.1332914915769968,0.011230485425896497,0.1714729985315326,6.911234401583209,0.026231951703818056,2.6800124080293677,0.05743382277735783,1.0858114006923825,0.4094610744650298
16,250000.0,250000.0,500000.0,500000.0,0.016067202980312483,12879.085527277352,676.1934602119456,9.52322544145912,3219771381.819338,0.9906988867136425,0.01839588689323627,459.82009533867677,0.2950148303324453,0.021350872059669426,0.10754545931349388,6.227695989637524,0.00808912996171494,1.5267289057614706,0.035220588516125896,2.7001220152172074,0.10784992868409402
17,250000.0,250000.0,500000.0,500000.0,0.048797706492772354,13828.466911143894,115.1705176213509,60.034751934553704,3457116727.7859735,1.0637282239341457,0.023367612276693477,456.29652486107017,0.051228908289792804,0.017042519615736038,0.2010724132337802,6.303856815821157,0.0022295016678238297,2.7281205725828137,0.04302872906224668,1.695949759652441,0.08641722700849226
18,250000.0,250000.0,500000.0,500000.0,0.0572906768117987,11837.549012145426,772.0925037111344,7.665887801815938,2959387253.0363564,0.9105806932419559,0.0259179937983241,382.141500680616,0.06935241184023713,0.013193868998763767,0.22262938335111374,8.16128635149998,0.08422542009331424,4.28063686622574,0.10615157334588496,1.0850432346944732,0.09092818391341645
19,250000.0,250000.0,500000.0,500000.0,0.00036042544831140774,12110.980214708703,590.126767321336,10.261337805165196,3027745053.6771755,0.9316138626699001,0.010185637675415889,229.67366184997536,0.058035943028334404,0.030264225942384045,0.3234360010242171,5.316206308198052,0.0023137266233625915,6.951679268722915,0.16577713162913,3.282620669781384,0.4315238607995469
22,250000.0,250000.0,500000.0,500000.0,0.06324160452380098,12635.57737681722,118.02853596383949,53.527637505765526,3158894344.204305,0.9719674905244016,0.012547230287918982,241.8904247637434,0.06867555187650534,0.042305864870921146,0.14471257888402522,9.868164372223806,0.01970234776489196,2.5482481994171833,0.0506304033065761,0.7169921630579391,0.3087783963832332
26,250000.0,250000.0,500000.0,500000.0,0.08565170850528908,12505.618960063275,746.1375930350179,8.38023648506634,3126404740.0158186,0.9619706892356366,0.024897028157643497,232.286695822771,0.34711373557556147,0.013297783807494483,0.1018806440641011,5.100137504627137,0.006710817216937847,2.3510842207827327,0.08956360421031768,1.920109546956845,0.5066199491658052
29,250000.0,250000.0,500000.0,500000.0,0.06611867304833166,13143.247248067246,1281.9377687086787,5.126320313234355,3285811812.0168114,1.0110190190820958,0.01235988390927408,278.43051747886585,0.011230247645695598,0.013937674267871717,0.16034899955766257,5.337973499695019,0.00698420377553097,7.480206440825512,0.15099999851050655,2.385908647463381,0.2881883216833464
38,250000.0,250000.0,500000.0,500000.0,0.024492450597178698,12750.47074904717,98.78603329932861,64.53579682874982,3187617687.2617927,0.9808054422343978,0.018873283801080384,493.1503432145841,0.022235384861410062,0.04791313456096466,0.17803365945405328,8.22808326775237,0.01108133900750912,7.194300980225309,0.052897285440364435,3.759058715674527,0.19213590764305047
40,250000.0,250000.0,500000.0,500000.0,0.10840855597870737,12682.073042274285,136.01104882491475,46.621480945271415,3170518260.5685716,0.9755440801749451,0.026527549188523736,249.89951540575507,0.14080055650534365,0.028316698516529976,0.2836111514145735,7.810417232318839,0.008247911413263235,7.266084191670785,0.040655684298135084,1.6424264305465623,0.5519063806449366
43,250000.0,250000.0,500000.0,500000.0,0.1360601983662206,11972.105363987066,456.9559340135287,13.099846695100165,2993026340.9967666,0.920931181845159,0.036444901642241186,340.02110698548,0.013035492508607908,0.015642937135122232,0.15095604899626083,7.429652888031525,0.004080020062114244,8.995000404911098,0.06225454223281847,5.3115779379940555,0.34103901078990845
44,250000.0,250000.0,500000.0,500000.0,0.12070020920066202,12535.774020618113,1212.3384692172253,5.1700801133169225,3133943505.154528,0.9642903092783164,0.02160120353761269,472.6854431420341,0.026102919160202617,0.010454937435251183,0.20746804387124346,9.72100283559292,0.007865792825194062,3.677821258004518,0.030394297991063177,2.7664244349349154,0.9027582098454373
45,250000.0,250000.0,500000.0,500000.0,0.0034433277370483238,12175.916427343402,436.14861886144854,13.958448910291436,3043979106.8358502,0.9366089559494924,0.01409261089345256,443.7256680275925,0.03491683999966489,0.03521572023335157,0.21812847524187629,5.586692797293553,0.009717963411069194,2.83129648502709,0.029497537243198313,2.4135493909463595,0.34953483411202435
48,250000.0,250000.0,500000.0,500000.0,0.14829653200303622,12635.772942466967,1096.2717496894847,5.763066021744155,3158943235.6167417,0.9719825340359205,0.016850357564260527,238.7106887189948,0.27313461496005,0.014309167338120167,0.16247295071550372,5.858117797671907,0.025116251647373636,5.638742716103071,0.0914160983929182,6.26719706477989,0.06692030547068668
52,250000.0,250000.0,500000.0,500000.0,0.06349773787967528,13186.51745386103,714.766502196322,9.224353277148362,3296629363.4652576,1.0143474964508485,0.010527477110841465,266.52819938263934,0.05670730428965354,0.01631869183850317,0.14753081017821246,6.5241213879877336,0.0037140607031106096,1.7890174285870635,0.051929471089286826,4.22020787902947,0.25481891684606817
58,250000.0,250000.0,500000.0,500000.0,0.054950881785436376,14216.695464590714,767.0646012161214,9.266947948094101,3554173866.1476784,1.0935919588146703,0.018670945776415083,487.5013910751529,0.04271047665249031,0.05324913446536779,0.13216462041608384,8.205242528354326,0.022681340325048566,1.8241920377510437,0.0935243311325642,6.226669820264988,0.11218889208802686
60,250000.0,250000.0,500000.0,500000.0,0.13196489161547661,12006.062518961005,273.53725156362754,21.94593688854162,3001515629.7402515,0.9235432706893082,0.032616519906030046,342.6592372458124,0.23251252760584162,0.033417349288563256,0.10993739352022341,7.571802842838462,0.07692187156046619,6.241745924849861,0.13867316231036209,1.9277876924435562,0.5280031197679411
64,250000.0,250000.0,500000.0,500000.0,0.009492981880493195,11923.566116773154,246.07618406757874,24.227387469359165,2980891529.1932883,0.9171973935979348,0.014842959083868575,335.9532062535715,0.010981295597071488,0.015767514871631447,0.27641045034129996,5.475840210935938,0.07607713078791943,7.018999646162458,0.07682769218678465,5.353782128266186,0.249030685623734
65,250000.0,250000.0,500000.0,500000.0,0.004075042700048282,12404.911775975475,869.834674123324,7.130614670240614,3101227943.993869,0.9542239827673443,0.03507673936120554,278.26217876087895,0.0354417424426457,0.015567371878321938,0.1925689840667939,5.553446082080528,0.05585261551397849,4.53226494528865,0.036872094512607936,0.9609696310456286,0.41225295795214506
66,250000.0,250000.0,500000.0,500000.0,0.12238921557709408,14014.842261939502,167.13866832151302,41.92579252510294,3503710565.4848757,1.0780647893799618,0.03288451752641176,284.94604517135645,0.09738762972694122,0.016369384552467846,0.24329590670550297,8.159088894026619,0.0017395804799573613,2.6101965168425916,0.028878315303617678,1.528714410883571,0.5665907451116737
67,250000.0,250000.0,500000.0,500000.0,0.060868646935405585,12026.034061601566,1367.857648997005,4.395937717064262,3006508515.4003916,0.9250795432001204,0.01819367674296201,443.43677332127885,0.007292807956384966,0.05008102643515996,0.17781843715505252,6.302627836643573,0.04377299694832465,3.5217822885550185,0.07331556112056921,1.9595012703735486,0.7533311255492755
68,250000.0,250000.0,500000.0,500000.0,0.052119935351814216,12822.226858962531,1514.7875127115599,4.232351650433789,3205556714.7406325,0.9863251429971177,0.0210555580685246,413.34332493569656,0.01925875040867791,0.02740107141644281,0.12412948899160371,8.310078916201459,0.008493964542720157,1.9163012432144662,0.07205497856261983,2.4140113984787934,0.09062243433307934
69,250000.0,250000.0,500000.0,500000.0,0.10684261697239962,13865.361573790422,595.0466720138339,11.650650466513385,3466340393.4476056,1.0665662749069555,0.016818637425891143,376.2016508065654,0.009124683499698435,0.025209477216927605,0.25548639887347674,5.147613981051654,0.02872173564183261,3.737206688101667,0.14458452125191074,0.8337170216768882,0.1734110323040671
71,250000.0,250000.0,500000.0,500000.0,0.03755548989376245,14126.780769979701,1162.0388378173072,6.078446051129609,3531695192.4949255,1.0866754438445925,0.016201264989083065,481.8659936835093,0.03539838272433254,0.03676408658567758,0.10116463468394384,5.504254606293977,0.04582924378115027,3.995694461569503,0.13345508054963612,5.148151070080368,0.09731605421223079
72,250000.0,250000.0,500000.0,500000.0,0.04344736190745038,13204.528494189597,1383.1918762564637,4.773209241919118,3301132123.547399,1.0157329610915073,0.024207113126540964,285.7402613937169,0.07884591818416548,0.02133951603484151,0.17725275319260322,7.89946478452676,0.04034619194267329,1.8337829039571902,0.032966410347715934,3.3896130285919686,0.08183694604002127
75,250000.0,250000.0,500000.0,500000.0,0.00797738211774946,13108.964383288872,350.06976015331975,18.72336013477364,3277241095.822218,1.0083818756376055,0.016002045220909936,477.22239974948974,0.013420833366961933,0.028978289110753563,0.11292395792369306,6.564442365927397,0.005235547414078024,7.38273208319663,0.022115282606332134,2.700508250501291,0.13777645353919493
82,250000.0,250000.0,500000.0,500000.0,0.061412243288631964,12893.476221066992,84.4814216413533,76.30953628954849,3223369055.266748,0.9918058631589994,0.018608684016424046,318.19820505055856,0.1243060344711211,0.034582969368656784,0.2995985622769701,6.5329779688529195,0.06764708853139792,2.2951006947230206,0.06913005083403395,3.234129161769468,0.6590275663276222
83,250000.0,250000.0,500000.0,500000.0,0.12233799753155394,13835.526658548515,245.75806971682192,28.148672136159536,3458881664.637129,1.064271281426809,0.011230490743061053,442.97632784154075,0.06581264564340748,0.016115792365625353,0.20543158949557136,9.535083522576233,0.01382584114978204,2.9269449229445885,0.04876432644891591,1.3113942621004524,0.1705156252618146
84,250000.0,250000.0,500000.0,500000.0,0.13777874277077495,14155.707757146743,180.75878815126885,39.15634725682182,3538926939.286686,1.0889005967035956,0.018363316232381754,404.2002854640514,0.2043561150250936,0.04101894949414849,0.10001917428582409,6.457600240565148,0.033710260711230844,8.909212138911908,0.10130493871148732,3.6449658624926853,0.41616778199912674
85,250000.0,250000.0,500000.0,500000.0,0.007411758954869091,14107.960038132318,1040.1870082843695,6.781453683699269,3526990009.5330796,1.0852276952409476,0.014687276746360169,256.0715888956932,0.1779800270452014,0.041600601106678285,0.135765019926704,7.024491903853017,0.0026026989866821467,3.1787036783359897,0.026358887610929905,2.5123059036735307,0.10820282462825158
88,250000.0,250000.0,500000.0,500000.0,0.1476744763193506,12304.516133433988,130.2004171348697,47.252214717131835,3076129033.358497,0.9465012410333837,0.03482923952922094,387.7397468810013,0.018010397166061006,0.04251260717907603,0.1303085054971506,8.253071211699703,0.007070058882920744,2.6346634555541044,0.030051720442088446,6.27111652940661,0.6514479120383178
89,250000.0,250000.0,500000.0,500000.0,0.0499281366496433,12370.80770992145,766.159652846428,8.073257097239171,3092701927.4803624,0.9516005930708807,0.016676845188157187,265.0479240988945,0.01217106244461074,0.01879285147231916,0.18110356951703574,6.047120717523691,0.0025473191580965195,1.2985740595997546,0.05139634282578858,4.247239912506625,0.22038600633057376
90,250000.0,250000.0,500000.0,500000.0,0.11590183513153075,12202.28488942706,1343.9578121648822,4.539683009011757,3050571222.356765,0.9386372991866969,0.020484888767993713,397.8774375512349,0.17308100022038816,0.03390891943437523,0.15463070505092116,5.832317739423758,0.02385470718380194,3.193988318514428,0.04450374490144392,1.0036828757634038,0.35667371593719055
92,250000.0,250000.0,500000.0,500000.0,0.08034647293034208,12630.96083232404,959.5114268544579,6.581975200510015,3157740208.0810103,0.971612371717234,0.017706718648643986,434.237394652761,0.021192739044173705,0.012830868389609878,0.2292375535637738,8.087844465770274,0.04146595948308602,2.878035032590258,0.05415038141510832,1.9234623139575078,0.436426255472125
93,250000.0,250000.0,500000.0,500000.0,0.08641966507103424,13401.005400756338,395.12697548232666,16.957846758498196,3350251350.1890845,1.030846569288949,0.021840133331198986,329.5199184241791,0.011668573671064632,0.015468300682925163,0.14125242567633942,6.420545293060476,0.00172682395227242,6.665040437075137,0.04186374724506887,2.036427552270322,0.17771869700712992
94,250000.0,250000.0,500000.0,500000.0,0.025654954652877846,12738.400846164881,807.3761085671639,7.888765044566092,3184600211.54122,0.9798769881665292,0.01095890626490908,242.33847162138136,0.3096511099898051,0.051564442412160114,0.30882137996119796,7.842039129517262,0.019907760256228722,2.3000749243213736,0.04001461972195074,1.8122960493950746,0.12800530700220217
96,250000.0,250000.0,500000.0,500000.0,0.10492692083893214,13992.361098246072,314.71727453853026,22.23004936535985,3498090274.561518,1.0763354690958518,0.01018923063525107,273.71556816736916,0.0061431102413885205,0.01689657089434291,0.12551097772665834,8.110048249705237,0.008756449133100367,6.754381547738996,0.044036111096551464,1.705765658792119,0.08851121199707167
99,250000.0,250000.0,500000.0,500000.0,0.05689901472216918,12700.290965814143,491.48038722857575,12.920445348216452,3175072741.453536,0.9769454589087804,0.019011836479805394,473.53478220264714,0.3560153148737701,0.03145750415001333,0.2843503129476056,8.259432022863678,0.0022852354734549515,3.4248241138991817,0.1670214806233423,2.113005627947058,0.4188441382634854
102,250000.0,250000.0,500000.0,500000.0,0.02483220147220496,13121.489969917871,772.4009055199133,8.493963352545284,3280372492.479468,1.0093453823013747,0.021339552073827695,448.54601095990705,0.00501052651170647,0.03791057019126235,0.10927435843141775,6.210966331940986,0.0933810165477831,5.006590793559774,0.09919990600864395,1.0706600986234325,0.15281508982099393
106,250000.0,250000.0,500000.0,500000.0,0.12663257235090492,11809.63345730628,326.35419359722414,18.093276705188213,2952408364.32657,0.9084333428697139,0.014872003854274252,357.5596079767731,0.006086455055318549,0.01755661397296001,0.1688610936288014,5.635537261068543,0.04157667910811779,5.965670756658771,0.05207605480188661,0.9602420138943166,0.410387605270677
107,250000.0,250000.0,500000.0,500000.0,0.08712291668278728,11883.279927609276,1337.132093461493,4.443569930644063,2970819981.902319,0.9140984559699443,0.024927229464235832,269.2123744206586,0.014893494370980151,0.03125790682317944,0.2102295150520735,5.109497085636573,0.005291140780518793,1.3852909204828943,0.03543894682763196,3.4241965417092706,0.37520039097380947
109,250000.0,250000.0,500000.0,500000.0,0.016127373401284995,11990.147247565461,183.2622145924504,32.71309166002898,2997536811.891365,0.9223190190434969,0.03522388352359904,299.2733739280054,0.08083937866884382,0.029829238500069785,0.2494581693062054,5.355422216269503,0.04825907895422232,1.860817638975818,0.08568111684908733,2.48041719425582,0.9387865661602378
110,250000.0,250000.0,500000.0,500000.0,0.12320408973989863,11809.141634056345,789.5545185622169,7.4783573245587,2952285408.5140862,0.9083955103120265,0.013026731643245035,231.40895686153718,0.21609417855532223,0.03163299468301193,0.19357382711826776,6.047304141179165,0.024433336755745067,2.81190110521355,0.08423486601812179,1.2622608104268775,0.6513511965803486
112,250000.0,250000.0,500000.0,500000.0,0.05360333455939182,13374.161364461286,760.0738104231366,8.797935924812242,3343540341.1153216,1.028781643420099,0.025830824036096885,292.58969179323043,0.07689755768124504,0.01634417121649154,0.12406381779505735,9.12915733201033,0.0052240867979614835,5.915701946471774,0.1381970348797806,1.0698911929852704,0.22694552526690975
113,250000.0,250000.0,500000.0,500000.0,0.0661870036431703,13051.202935167397,980.0042805796929,6.658747922737306,3262800733.791849,1.003938687320569,0.015854039468577764,389.09477488217453,0.037887647618137885,0.02140279726804023,0.1688622987067817,9.309186631257031,0.040366159791797654,4.6995342223198895,0.02253736046209949,1.175099984448088,0.6251723735575089
114,250000.0,250000.0,500000.0,500000.0,0.057729253821411634,13493.555717024128,307.8510820701343,21.915719162471614,3373388929.256032,1.0379658243864713,0.018620843047793496,467.6531091252546,0.09522435159609073,0.020774861453088486,0.20779905753671526,6.297952179470113,0.039840874460118234,9.206725136403131,0.060459846884210536,1.74064242516837,0.08599179609286528
116,250000.0,250000.0,500000.0,500000.0,0.07529572225833352,11724.678745197185,522.1888108939102,11.226474505578038,2931169686.2992964,0.9018983650151681,0.011238464292768185,325.2462908785194,0.05747917270931407,0.030002510417345238,0.2590971872771165,5.116795825478964,0.016386728854273912,1.4159070393093292,0.024715075345930593,4.399151860459271,0.28391983509476315
123,250000.0,250000.0,500000.0,500000.0,0.027244901751098314,14220.962711179636,277.1296346206309,25.657600152807614,3555240677.794909,1.0939202085522797,0.0368115391217469,304.95525838004215,0.015278082264491599,0.027649009422043878,0.14551911185776617,6.523780775901165,0.03748673402152021,7.110332283937758,0.02480581200911227,4.829951308135173,0.1365805675633931
124,250000.0,250000.0,500000.0,500000.0,0.10258169760069077,12787.404693968532,1585.956211384509,4.031449482077874,3196851173.492133,0.9836465149206564,0.03590941302843185,369.55775780674446,0.1700856375866423,0.04254679296031653,0.12901716385390632,5.335348894204641,0.005480643770380553,1.7058156088793868,0.12444675659652084,4.491317540631838,0.22719876550070453
129,250000.0,250000.0,500000.0,500000.0,0.1284762487920805,11791.858627455644,335.5323470914607,17.571865618430785,2947964656.863911,0.9070660482658188,0.01579856648402908,266.86762008982726,0.015684112415823404,0.027542010389140413,0.12667787558302884,6.821737425103942,0.08433714238957736,5.1885660027103375,0.022347533112270064,1.3919027354952234,0.6326505641393521
130,250000.0,250000.0,500000.0,500000.0,0.10843488845006177,13693.63624828432,191.81655791291922,35.69461468102495,3423409062.0710797,1.053356634483409,0.019572682438018303,290.52380227163934,0.04139415440777979,0.022372057982161617,0.24302975903330973,8.450494668780816,0.0017077265714161528,6.848326030530827,0.15120465376289913,1.5849842996452577,0.0849836842691089
131,250000.0,250000.0,500000.0,500000.0,0.04013352320076792,13084.327885898821,1469.441570792086,4.452142958922097,3271081971.474705,1.0064867604537555,0.024647339737963462,286.31208606537564,0.017789471345820235,0.04257773473289918,0.2717766435117816,5.479268690091788,0.00725838301714543,7.8963642312784,0.022860325872932165,1.9054445159988338,0.5856466059091441
132,250000.0,250000.0,500000.0,500000.0,0.10252025238492732,12715.772540251972,995.2413827754572,6.388285676380913,3178943135.062993,0.9781363492501517,0.022637976667360865,339.113401489559,0.019707714400257256,0.04289692721295023,0.1215157781942056,8.266368694730055,0.014805637274356673,6.077207404332201,0.024038164322843836,2.8585077514236272,0.13948605180148776
135,250000.0,250000.0,500000.0,500000.0,0.033323298862087375,13040.916474481774,228.5434091000893,28.530502204879987,3260229118.6204433,1.0031474211139826,0.0393481554499265,250.7975384552022,0.02629262704064593,0.032018091496327214,0.13396002546599797,5.346847254645457,0.01049735570972094,4.061694235175238,0.024806775644322102,1.6784380095017024,0.8084197523632576
136,250000.0,250000.0,500000.0,500000.0,0.12149778304580557,12745.79375486317,197.0745755438172,32.33748878994616,3186448438.7157927,0.9804456734510132,0.030739524971254296,264.78191858520995,0.0062385432329233655,0.01310381018635581,0.1519526600140281,9.35362296993251,0.006276823145326012,1.5601141856373544,0.02061378062418302,4.1802217783929185,0.5594673285808324
139,250000.0,250000.0,500000.0,500000.0,0.054605247116365385,12822.065934200184,211.8337868008586,30.264449613635037,3205516483.550046,0.986312764169245,0.026255792651293273,281.85014933910617,0.011202474451667166,0.023242687163863057,0.12287364584658023,8.979804269898203,0.04063643712791461,4.3904000655320905,0.13772470519108346,0.7797874580351938,0.12438737763794343
141,250000.0,250000.0,500000.0,500000.0,0.11613449404405106,11869.813936895976,788.1632670552245,7.530047664644774,2967453484.2239943,0.9130626105304598,0.03968612157706593,286.4899580728915,0.010494450572783887,0.03296797513173776,0.22933930084019233,8.123003180817113,0.00339443315836039,3.572530290109567,0.0625067963972144,4.601556476383613,0.3020801371374616
145,250000.0,250000.0,500000.0,500000.0,0.03354185263404955,12853.75207816092,1404.9268841680616,4.574527052976272,3213438019.54023,0.9887501598585322,0.019310790114409525,425.6579838278504,0.00776507607613946,0.03225536904560063,0.26421112712863404,8.737966795648061,0.03210758481873792,6.442867350493371,0.11673823195707404,2.7903702202519485,0.3218850313339962
149,250000.0,250000.0,500000.0,500000.0,0.09198468156058318,14149.436199946384,146.63769403026217,48.246244915125004,3537359049.986596,1.088418169226645,0.015506051211844382,410.0958201743368,0.005196169736812913,0.02093146612362097,0.24914366263427745,5.25584369867107,0.049487361417722114,1.8836856853675839,0.02285611617374971,2.225307572404793,0.08618475783364839
151,250000.0,250000.0,500000.0,500000.0,0.05542630014675178,12549.191650791012,117.21379729927547,53.53120511380524,3137297912.697753,0.9653224346762317,0.03783936231693226,397.36899779092937,0.029077604023272523,0.04091241555366686,0.13413147788690835,6.597915438667008,0.009184504450812286,1.4269799566657217,0.030851849958217867,1.1277206310959687,0.49757229242713585
153,250000.0,250000.0,500000.0,500000.0,0.030725502322650037,12786.719510617871,87.50503409033807,73.06276515141502,3196679877.654468,0.9835938085090671,0.015462344393360326,417.8141132386182,0.03445841342576132,0.012366681415785489,0.1838550781019462,5.864388391165406,0.0106087968240751,6.84291808343314,0.08097363125974365,4.802895713326442,0.1727652749290027
156,250000.0,250000.0,500000.0,500000.0,0.008002981076544185,13870.577478336636,762.3872797775708,9.09680542045732,3467644369.584159,1.0669674983335873,0.023468257927991582,360.61874761534756,0.13216938235825623,0.04001318295058492,0.18794544241391833,7.273716486745086,0.008000129303792796,3.999924616733942,0.07979951041138168,1.3304378724565382,0.49537845057278407
159,250000.0,250000.0,500000.0,500000.0,0.14722393884245522,12331.098197866659,436.0117322158546,14.140787147170105,3082774549.466665,0.9485460152205122,0.028691779935082522,499.36868938827376,0.08574621033278765,0.04221135424287623,0.3287201945423266,8.33669801449543,0.027717785490748114,1.8824945755341544,0.11523845657186099,0.9884003630057892,0.24066876860557146
162,250000.0,250000.0,500000.0,500000.0,0.03510959155221192,11796.948605558619,477.93890822915046,12.341481727516632,2949237151.3896546,0.9074575850429707,0.01916645808995302,474.5290248800463,0.010640861736055425,0.022234880665330164,0.1737769231976918,9.354231016828269,0.008024011872711975,4.361772544778512,0.06607335697340691,3.2451366220727236,0.6075872398614812
176,250000.0,250000.0,500000.0,500000.0,0.029977756525196613,14007.754716340849,876.8544162139115,7.987503089066733,3501938679.085212,1.0775195935646806,0.02242414072826678,225.95928980339517,0.014560631957900857,0.03211808171284846,0.12626429282453877,6.9129509101019355,0.004738019780914379,1.608926018003037,0.07209553088917399,2.182539025135578,0.25183980422571556
181,250000.0,250000.0,500000.0,500000.0,0.07104573630866445,13269.976403954479,1129.3259630425414,5.8751754755569205,3317494100.98862,1.020767415688806,0.022251899388428396,270.7633217109552,0.09907323068268536,0.015742417786779844,0.253988390419757,5.6083605333527204,0.005196253413428956,4.912639797192118,0.1366488157730887,1.1488945009075053,0.3808102864335888
185,250000.0,250000.0,500000.0,500000.0,0.0646476557200031,13407.501701565645,808.3138559717725,8.293499859313222,3351875425.3914113,1.0313462847358188,0.03467276510358919,357.7294028599818,0.015933886413696342,0.04969786913012539,0.10149143338451765,8.586274920580188,0.04105975476493297,6.073883083065801,0.09248981719067367,0.8727969220815038,0.23472926208484587
186,250000.0,250000.0,500000.0,500000.0,0.05049797972642593,13819.78171294669,503.2774157718507,13.729785283283574,3454945428.2366724,1.06306013176513,0.016917726210059176,291.0676466891511,0.06626275355933661,0.019438223719043062,0.22451563287291565,9.807746555298733,0.023282672244357774,8.150961755428305,0.04862824993051387,3.89234562019544,0.2307330746590561
187,250000.0,250000.0,500000.0,500000.0,0.10469970649629627,12355.82594810622,265.16815116414,23.29809574389256,3088956487.026555,0.9504481498543246,0.010892452538304832,436.1915249251231,0.008487420262334877,0.012219815622412629,0.14902271781349496,7.605255886027304,0.060652776046921965,4.255376726381491,0.07046544417995744,2.650293320407592,0.07220028626197343
191,250000.0,250000.0,500000.0,500000.0,0.026036354018357567,13156.10540368578,272.87882951726186,24.106130598257984,3289026350.921445,1.0120081079758292,0.02611166077217278,231.62411004876157,0.02697845583204432,0.02438866630236286,0.14160198976005123,8.598836764537023,0.08922858239526002,4.394087738325234,0.07684770244855203,1.2374048668363467,0.0960804769913818
192,250000.0,250000.0,500000.0,500000.0,0.031702265611333026,12994.53270215371,800.7728995961503,8.113744051969777,3248633175.538428,0.9995794386272085,0.013737274041652276,450.79649375194595,0.01536737216847491,0.010667026475528581,0.16612137746028405,6.1400580102563085,0.03102324352438378,1.612137568965164,0.03413110663355472,1.15857695786226,0.42487716561381195
197,250000.0,250000.0,500000.0,500000.0,0.09799487755589317,13467.066667875373,387.0784603914567,17.39578411862027,3366766666.9688435,1.0359282052211827,0.012797969288908582,438.4345972832668,0.04184441387253968,0.020563675582748887,0.3457625581329352,6.655858105907895,0.009012947562199603,3.2283208134271213,0.04451568321437975,0.7553261671853826,0.5308669879469134
198,250000.0,250000.0,500000.0,500000.0,0.10688564072178784,12273.77459020118,722.1933559782394,8.497568198738042,3068443647.550295,0.9441365069385522,0.03269832049317594,442.5550389137067,0.32018443312701395,0.013622018878576957,0.1046391842135098,6.456832198107252,0.023708782854912607,2.573101499308823,0.0296463321555985,3.2138355902794817,0.135244728494659
199,250000.0,250000.0,500000.0,500000.0,0.014048708081128635,11941.582688610837,175.84610815943637,33.95464026358669,2985395672.1527095,0.9185832837392952,0.018065067014763386,424.08457336153066,0.019181728371454737,0.0339871920674812,0.22443567477678714,7.265246497985622,0.008750901811216934,4.211166142448336,0.08326820075032695,5.500786813616992,0.7329063561741147
202,250000.0,250000.0,500000.0,500000.0,0.06112211630693512,11847.517271643836,133.26325089428562,44.45155431876028,2961879317.910959,0.9113474824341412,0.011991430732901525,433.9134021053006,0.03997428351572597,0.04007496450132088,0.11245425625595541,6.719851161540223,0.00630023065763295,1.5901385523400255,0.1028967551110859,1.9799804944522468,0.4074974698772996
204,250000.0,250000.0,500000.0,500000.0,0.08485616985709458,12152.31166577202,273.14428686533506,22.2452239533081,3038077916.443005,0.9347932050593861,0.03901766642489346,376.2787813458977,0.021473455522533554,0.010230580921678908,0.13215876324925377,5.030054918917509,0.04058452886703946,1.8198128597577437,0.05549708786146856,2.9813439617322457,0.5019533702881799
205,250000.0,250000.0,500000.0,500000.0,0.14373619789260753,13804.890563613319,141.02958801034012,48.943242189012004,3451222640.90333,1.061914658739486,0.014937186130483152,492.4041286618598,0.021198483033798836,0.012820173469223508,0.18509416349879818,9.807245900262503,0.003392503492240673,4.9341274872469,0.03373170320051483,3.4207258936100753,0.16463153764001176
207,250000.0,250000.0,500000.0,500000.0,0.11715198243078971,13699.604493913168,507.3919671156652,13.500021070288449,3424901123.478292,1.053815730301013,0.011507733995361365,272.77902461913607,0.09372088051545947,0.024138656959552484,0.22738978069353968,7.020169551359579,0.00591120949356856,2.6800156479529194,0.12365801856316633,0.7463717015413948,0.08721346375053729
208,250000.0,250000.0,500000.0,500000.0,0.0675257111086058,14270.766382226553,470.5081064125297,15.165271530640009,3567691595.5566382,1.0977512601712733,0.0363116415949438,446.30067959001383,0.05515226033851724,0.05685014313081663,0.15009139671465854,8.60980301474249,0.006890820832799355,4.355923654968455,0.05722293583630343,0.8199180857040639,0.5351939828699149
209,250000.0,250000.0,500000.0,500000.0,0.13802802336063347,13007.96916729458,495.14197827783556,13.135595180737743,3251992291.8236446,1.0006130128688138,0.02240532105995699,411.3828412186396,0.01784789533010528,0.042007825095213766,0.22367824181331786,7.344142285197651,0.0024724994739368186,8.007985970715584,0.04442877335495906,6.095823616791232,0.4274465798780008
216,250000.0,250000.0,500000.0,500000.0,0.006163545879129806,13798.608337144145,137.5548631124856,50.156744825009646,3449652084.2860365,1.0614314105495497,0.03643635627254222,334.6700340494947,0.3862593850294556,0.03384834708463981,0.10405515208494232,7.0873389267635165,0.0822647026512398,1.480720203388585,0.03502609057302256,2.2303763960021454,0.31114180712125394
217,250000.0,250000.0,500000.0,500000.0,0.0009794493802937787,13995.050098562953,358.65212141784804,19.510619431493623,3498762524.6407385,1.0765423152740734,0.01678313133251392,347.35371071123666,0.3819061567829277,0.029594024725753627,0.30520772819757613,6.583868712509464,0.01602745455361086,7.842716266384759,0.08711953979117265,0.7862245571631566,0.3362032876555963
219,250000.0,250000.0,500000.0,500000.0,0.1368339142167973,14247.960614662317,177.91443438578085,40.04160950698285,3561990153.6655793,1.0959969703586399,0.019933657085070933,276.6233829211715,0.07807349256762157,0.05800107492994624,0.1462023124000833,5.37283718358673,0.010366563445515814,7.126821729580436,0.16151951522589367,4.52422497204202,0.12722414300778032
223,250000.0,250000.0,500000.0,500000.0,0.05466546730688253,11840.969233743948,115.76547465097063,51.14205798163964,2960242308.435987,0.910843787211073,0.011635821218659278,378.4094118178473,0.0173634914540798,0.03540409188252046,0.14998497728109206,8.462381697075802,0.004941756955874336,9.927443984581934,0.05399232181863637,1.2416990648221786,0.6113186666069611
225,250000.0,250000.0,500000.0,500000.0,0.13213336333460396,11847.661042491412,389.85291407775225,15.19503973763874,2961915260.6228533,0.9113585417301088,0.02149649103789363,335.4776511009067,0.009339332307884385,0.03680318668571008,0.20183503911779113,5.051402246957371,0.0943180653752883,3.3974430858969615,0.08444702793316325,2.105288183245667,0.5460562617733133
228,250000.0,250000.0,500000.0,500000.0,0.0635616620215263,12099.609313212955,310.3932448678861,19.490774224746673,3024902328.303239,0.9307391779394582,0.010385019166090984,494.29752907479053,0.07427679419633079,0.023393626814923484,0.13159379747479474,9.177944853099673,0.030758542833965688,1.3585616296937888,0.037399321310456805,3.89213760330694,0.33935045527997426
235,250000.0,250000.0,500000.0,500000.0,0.02421603990687349,11966.559232075448,685.2026143548717,8.732131913523228,2991639808.018862,0.9205045563134959,0.01539436133288943,254.73496621727404,0.017854519067202874,0.04086127533529939,0.3116711983137298,7.311724757614054,0.0061108526153910115,5.341167858856077,0.024069130654151116,4.7738722535867595,0.8452437601168269
237,250000.0,250000.0,500000.0,500000.0,0.09499236408335267,13149.278653682499,132.35599023780264,49.673908336363645,3287319663.4206247,1.0114829733601922,0.013714996780551577,318.7186276769357,0.023333123378267706,0.025763155041667964,0.1055896615509013,9.559392035919872,0.0018622225174777538,5.138114874103169,0.024941733021244597,2.281740389470393,0.6201403383613319
238,250000.0,250000.0,500000.0,500000.0,0.01609634878724415,13520.384295043646,170.71973572514634,39.59818774793285,3380096073.7609115,1.0400295611572035,0.01740627438598031,478.4961740559356,0.012479416859746921,0.03783152263779696,0.3645339995523422,6.935438020056633,0.027805220884256885,1.945163835069614,0.026411025093266014,1.798739982282647,0.14202664945949162
239,250000.0,250000.0,500000.0,500000.0,0.007238689147129884,13768.987850268957,303.56409006924235,22.6788811666233,3442246962.5672393,1.0591529115591505,0.010639074323540554,388.93079260400566,0.38448318625847855,0.03478297165953169,0.27833398614113475,6.529391047644387,0.08987615358819918,1.9132514613151528,0.02641493225656081,0.7810334410778853,0.39115126427595975
240,250000.0,250000.0,500000.0,500000.0,0.12911064834341485,13777.430487606522,1137.8075190550362,6.0543766220884425,3444357621.9016304,1.0598023452005016,0.01883548282369072,325.66070505475005,0.007012316233968173,0.011513718122138803,0.1067162076933343,6.782486545689553,0.017387703967091814,9.061333525547758,0.05553470919575181,1.7785320818851778,0.15133524331127696
241,250000.0,250000.0,500000.0,500000.0,0.06277840157563515,13370.76923367313,364.5522472869963,18.33861858372649,3342692308.4182825,1.0285207102825484,0.027790746501213024,324.489488382932,0.05027115779967176,0.019494102998114455,0.270401179201422,6.523291497910885,0.05759449107097396,4.523450967700566,0.029135470347022876,2.958793133584002,0.18994140292132417
252,250000.0,250000.0,500000.0,500000.0,0.1330932541233612,13282.706132009176,407.0834314783859,16.314476474479683,3320676533.002294,1.0217466255391674,0.020536276529331828,260.0082070105762,0.03463023408083411,0.03211209847259125,0.1402665466567484,7.388677026102087,0.0033787905583488966,2.032576115008105,0.1034238564951677,0.7428465556628828,0.883700304735801
256,250000.0,250000.0,500000.0,500000.0,0.03749439581510697,12134.129487892988,77.67185333143023,78.11149707034777,3033532371.973247,0.9333945759917683,0.011498497714929602,324.3923958571953,0.012719426657175237,0.01134301243080504,0.10101853533173709,5.781246443069188,0.0017729698252478448,8.672999835228442,0.035301894875220584,5.8894731563465434,0.6799146798915874
257,250000.0,250000.0,500000.0,500000.0,0.027024783147909487,13140.62490656076,150.56123028137475,43.63880688940653,3285156226.64019,1.0108173005046739,0.016972396610006265,419.82122956211083,0.3371836102114247,0.04270319142309983,0.18932183171318007,8.05497702880112,0.0032898680405194372,8.078102234629164,0.023623281728161458,1.3287227390079033,0.43715359733977316
259,250000.0,250000.0,500000.0,500000.0,0.12466498678755794,13133.877792883919,1075.8497060837674,6.103955654128001,3283469448.2209797,1.0102982917603014,0.024926555245668582,440.14807598602147,0.031772059355555916,0.014195156811617177,0.2659162096865171,5.941801899163533,0.0035248316104755624,7.6202834356474005,0.13509527242968408,1.682236520643647,0.23770697723916293
262,250000.0,250000.0,500000.0,500000.0,0.0818068866772317,12601.9443299414,1190.7570540064557,5.2915682034133384,3150486082.48535,0.9693803330724154,0.032412716205772275,264.4969290905853,0.054444792334869714,0.02328355341236362,0.3364213120023272,5.726850041209088,0.019877870304351553,3.157517489965582,0.08604336859569728,3.4386954816917745,0.6382778012554298
268,250000.0,250000.0,500000.0,500000.0,0.08942763613025619,13737.58088338667,147.02956445333297,46.71706991197327,3434395220.846668,1.056736991029744,0.016549706693921935,279.80947307785976,0.024150149271549425,0.024675417882554607,0.23614222917058902,6.3415314167642665,0.00965263780351478,1.554553506837244,0.05692012791413645,4.470278368072492,0.18012350257402632
269,250000.0,250000.0,500000.0,500000.0,0.005775355148376654,12259.987897231496,318.8864749939375,19.22312305259196,3064996974.307874,0.9430759920947305,0.0158699462728311,466.55185940460177,0.01967316158462676,0.016533253687300856,0.3595027199182773,6.906718233291094,0.005956360368603027,1.9502460704700921,0.025904970715396446,5.6159969760230295,0.8533961026974878
275,250000.0,250000.0,500000.0,500000.0,0.009815224178254844,12200.16461698897,1515.194222587207,4.02594084478394,3050041154.2472425,0.9384742013068439,0.017186264926013457,264.73710301515234,0.20750048492438142,0.020215292525491802,0.33164182737253767,5.197569051545534,0.009265850779193181,6.585656857350539,0.08938759639412026,1.3001234491179143,0.17766103033835345
277,250000.0,250000.0,500000.0,500000.0,0.03568359801163635,13166.112847425095,1030.6413294107485,6.387339839628105,3291528211.8562737,1.0127779113403919,0.010472399923514087,295.0812208012498,0.005984185151446887,0.018666369918251952,0.1407914557450294,6.176905582619166,0.03200870030264157,8.722714912878532,0.06778324239490387,1.9683484651429153,0.8293490136278131
279,250000.0,250000.0,500000.0,500000.0,0.03684656452379207,12257.790878087704,211.38259714614404,28.994323666136548,3064447719.521926,0.942906990622131,0.018418072038155462,477.56989169492743,0.16800029382700463,0.030405604836632526,0.13737349539043855,8.156323010087167,0.02855590108361743,7.155670196420401,0.16097497222874327,3.9712030346503147,0.5816327152886213
282,250000.0,250000.0,500000.0,500000.0,0.06301113833560756,13653.929589516478,434.5021498245037,15.712154237937979,3413482397.3791194,1.050302276116652,0.014875150762646778,236.0149841501234,0.24668059297774544,0.03040297208290681,0.17174567301439603,7.2889754613711215,0.007571710686571828,1.500901964436851,0.054716222034154084,5.688264569331007,0.09260402910342001
284,250000.0,250000.0,500000.0,500000.0,0.005393744373153558,12562.970871980468,1289.1245588409572,4.872675330642892,3140742717.9951167,0.9663823747677283,0.020747831954278796,283.3655370891695,0.12371060662592195,0.045459069764051736,0.134810440011561,5.918779300119924,0.02720240694631717,4.6682369196782805,0.10762443906346623,1.793880617003635,0.5030750721756024
291,250000.0,250000.0,500000.0,500000.0,0.08108187747990343,12576.496739987277,121.20884035813314,51.87945327596474,3144124184.996819,0.9674228261528673,0.011372010813251125,254.2263049832012,0.04794549781837363,0.044393777459628594,0.32658269233589937,7.655507871653674,0.005255137367212876,1.3279812149159076,0.02389493005749352,1.9803829366475119,0.08993413535408921
298,250000.0,250000.0,500000.0,500000.0,0.0183195301704895,13493.391386863583,375.9073573226772,17.94776176099277,3373347846.7158957,1.037953183604891,0.01113595963141354,284.4029140417627,0.014064613343994717,0.017887792198696226,0.27514590119392507,5.59443134590842,0.0017162136671608447,5.232522211314012,0.051734669635681046,1.3266713549513167,0.43473787342669123
301,250000.0,250000.0,500000.0,500000.0,0.07522656488512611,13557.437224372276,154.25696488848183,43.94432768132531,3389359306.093069,1.042879786490175,0.01878241114874521,266.7417878155005,0.3411840066676918,0.013508273102924606,0.27901398676784245,8.47200219616469,0.0043807083957353565,4.185910691566775,0.10164226988111155,1.016039625142936,0.5936983408663749
304,250000.0,250000.0,500000.0,500000.0,0.10252659968880987,12954.634028743429,287.6988366605858,22.514227341187905,3238658507.1858573,0.9965103099033407,0.027549416241879038,245.4884132800442,0.08311821244500865,0.013787219312543605,0.10639071238030799,5.979464973309855,0.013694707222319677,6.354840872380521,0.0536337845996193,1.2059072344161128,0.363439039859494
307,250000.0,250000.0,500000.0,500000.0,0.06070592155600706,13607.162994149938,1182.2347016866825,5.754848413236701,3401790748.5374846,1.0467048457038415,0.022917717375977607,276.0632992184448,0.1009978565702211,0.02788281436052308,0.35857188870494344,8.311682114859755,0.002386170364959435,1.4483947465443354,0.12954804117168772,5.2522444188669875,0.29782363832100234
309,250000.0,250000.0,500000.0,500000.0,0.14335181637234662,12918.963611563886,211.9211940258834,30.480584235444624,3229740902.8909717,0.9937664316587606,0.025299935707551482,277.15583048264256,0.005991892132905194,0.012870100282573394,0.15442385913543688,6.864880712515522,0.009625942605482442,4.189842123935529,0.038677436445146596,5.773615418359613,0.23321732659924596
316,250000.0,250000.0,500000.0,500000.0,0.11034957854216058,14125.508969006527,740.3243316177914,9.54008153300784,3531377242.2516317,1.086577613000502,0.036959891321921276,268.9615307161284,0.01306129853762551,0.027357030076162647,0.32436474367271073,7.541614821663365,0.0144659909222841,2.351729765100755,0.06068538189506901,1.0958067760975243,0.8910461006915437
317,250000.0,250000.0,500000.0,500000.0,0.14778524160392048,14014.630854931806,835.6441506779247,8.385525611327678,3503657713.732951,1.0780485273024465,0.035985524711378225,387.0775610964766,0.13567207219108737,0.011887042203510277,0.18471865002185733,7.606154199328674,0.014729413760926005,3.799211940579734,0.07183292168896648,3.1223903948423226,0.24162741854316122
318,250000.0,250000.0,500000.0,500000.0,0.09907702582144741,13122.519437536144,214.58150688131155,30.577004580349083,3280629859.384036,1.009424572118165,0.03765219687972749,269.702459865558,0.02582101567406198,0.014707399589881088,0.28417570623108473,7.170189941201384,0.062110674033527734,5.945457688025577,0.07118182797982749,4.611074679711593,0.21368344876965523
319,250000.0,250000.0,500000.0,500000.0,0.053933124872448675,11930.643060958506,154.09453204278424,38.71209089251126,2982660765.2396264,0.9177417739198851,0.02657948080091475,476.3544665510898,0.1135556686723564,0.010128607471102788,0.17969783487674623,6.300036832971327,0.0017943300380813911,6.241632167871716,0.023956565694702833,1.8220049753833656,0.835872750612451
320,250000.0,250000.0,500000.0,500000.0,0.0864952868735302,12156.463154453602,189.32572175639024,32.104626465112865,3039115788.6134005,0.9351125503425848,0.020204709193807912,259.3184270509964,0.0076516731577479435,0.036046702966410535,0.1637828715857211,5.7979273760784364,0.008482705948888279,2.7414601808706265,0.12721822590480408,1.4208525167810144,0.44100559867878375
322,250000.0,250000.0,500000.0,500000.0,0.004704752315826143,11814.804420127432,88.59317316781144,66.68010636523913,2953701105.031858,0.9088311092405718,0.018524560858283964,252.14574682004366,0.01879602423299715,0.04588363513207971,0.1294277308558801,8.898987240433593,0.030229806403946825,6.386105715673473,0.048654016009249686,2.4025685650597666,0.37400656587026787
323,250000.0,250000.0,500000.0,500000.0,0.04547720551474912,13830.482266657202,128.58262184727477,53.78052674600339,3457620566.6643004,1.0638832512813232,0.022475870540259752,262.09232045999204,0.007265839715110823,0.032738620861688994,0.26942111719029743,9.233490754918549,0.0683294612204724,6.660212570078306,0.11652544848292583,5.034729701869583,0.27568673115781855
325,250000.0,250000.0,500000.0,500000.0,0.0430025893629035,12812.353917343265,845.3776713845361,7.577887582693986,3203088479.3358164,0.985565685949482,0.011958962085850539,413.377589884329,0.005966721429599103,0.022698532236755584,0.10810728364111624,5.04110231634802,0.007879720867373645,9.534959856525813,0.06225429092245218,1.8036290461261204,0.18278113766239976
328,250000.0,250000.0,500000.0,500000.0,0.08639882604681598,13292.189660959144,176.9484625144914,37.55949464627466,3323047415.239786,1.022476127766088,0.013019012595584533,414.36253848520874,0.0053528378967337975,0.02209036807137083,0.2708777609804996,5.4184727380146915,0.04064791614521828,9.832473181897981,0.02500446506234861,2.796860252895785,0.16750598678500314
331,250000.0,250000.0,500000.0,500000.0,0.09379513940980982,13491.615336141274,1355.735440485215,4.975755200185906,3372903834.0353184,1.0378165643185595,0.02221450264070742,256.1560801740736,0.011746534415665772,0.03888526876633541,0.13741625588997586,6.769212272538249,0.02110600092227876,3.183861509188713,0.11364412324459679,0.8965052548706443,0.363943599588026
333,250000.0,250000.0,500000.0,500000.0,0.0957729745636005,14155.62603365616,592.4024253008041,11.947643551989477,3538906508.41404,1.0888943102812432,0.010676709062019854,475.7141023904385,0.02395965924558907,0.03653407233884181,0.2808388481638583,9.824584514282128,0.021092214687845622,2.6415197297051893,0.024670698890121915,5.348078253412408,0.234244976562763
336,250000.0,250000.0,500000.0,500000.0,0.10038691967172265,13675.203765843933,689.476400391543,9.917093433566395,3418800941.4609833,1.0519387512187641,0.023962682522172332,437.11886503343544,0.03095948678557624,0.025824477754202196,0.11270749249380335,9.047704566046026,0.013673926802596827,3.002047780520086,0.0248937804478715,3.365090653382138,0.06990123131012127
339,250000.0,250000.0,500000.0,500000.0,0.0747400192356312,11710.013188747149,850.7715388439486,6.881996313992256,2927503297.186787,0.9007702452882421,0.03049658960799214,248.42063556075604,0.17199592937222416,0.05815907921538883,0.13466597393301227,6.146914496294124,0.009762635025034175,2.0600152364735664,0.17325353085279777,5.108083819538526,0.48076422943494834
340,250000.0,250000.0,500000.0,500000.0,0.1372363588496318,13077.440058782833,1167.0448830200423,5.602800821567993,3269360014.6957083,1.0059569275986795,0.013344462083848244,337.74923470937796,0.013820613035266159,0.017014794307927253,0.3654715852830262,8.683092323299896,0.004902781907958963,2.295035615843992,0.022984254411301978,0.734595948071647,0.06767015489813069
343,250000.0,250000.0,500000.0,500000.0,0.13726942185819505,12242.31581167856,1183.6497333157574,5.171426760425217,3060578952.91964,0.9417166008983509,0.03859147487184832,499.2174556213784,0.0367228337374403,0.01211210531799195,0.36023967868460804,6.203446570776678,0.006300330418851134,2.807252426211989,0.06481727761379932,5.8752398451092,0.5984523086799615
346,250000.0,250000.0,500000.0,500000.0,0.06605396307168059,12590.373745410889,118.84793368968826,52.96841667556599,3147593436.352722,0.9684902881085299,0.03252730708454201,439.0271313664443,0.11291654423847143,0.03291010997620499,0.14549737417214947,6.464460165790711,0.017596465020577372,3.793897588558786,0.043693800245319506,1.5552440937893928,0.3688587932009688
347,250000.0,250000.0,500000.0,500000.0,0.12867845522074092,12907.388640469098,876.5004829202749,7.363024260674101,3226847160.1172748,0.9928760492668538,0.016905203358480163,241.69473702985204,0.00607464965005449,0.032095249303971375,0.13930947788052586,8.92466389002476,0.009200649280557801,7.9835090799802035,0.058267031313761555,1.670019100371614,0.28276473396718305
356,250000.0,250000.0,500000.0,500000.0,0.011355790478465782,14279.440107928662,802.0189860217464,8.902183337802853,3569860026.9821653,1.0984184698406663,0.012866844304116545,232.44815613588793,0.051311684154675324,0.04751299811599182,0.36755919007362126,8.773364374864721,0.042628540274031484,2.0031703776632077,0.18176431040131905,2.7215866720249258,0.2807215267511528
361,250000.0,250000.0,500000.0,500000.0,0.016932941116531885,13386.99727964005,994.7542955883357,6.728795914232504,3346749319.9100127,1.029769021510773,0.017643278735522662,256.85728096068,0.25482364527187534,0.019817341039336488,0.3400744140870445,7.456993256619893,0.008351033709685691,5.292359737722721,0.0747504135434227,1.8398419783519289,0.13795647795139088
368,250000.0,250000.0,500000.0,500000.0,0.10107628535549526,14126.301253609901,322.8587117039599,21.876908910178003,3531575313.4024754,1.0866385579699924,0.010217085901330726,339.54556145070796,0.30726491499890884,0.026321237623629593,0.1278059762431103,6.5095140487604235,0.032293264736359135,2.1422857465674614,0.0695934995289723,4.223317429824182,0.7081361940311304
372,250000.0,250000.0,500000.0,500000.0,0.12488411058526779,11822.050925722584,74.1201681189905,79.74921823398851,2955512731.430646,0.909388532747891,0.03533273357514635,240.91997814955513,0.3465147197759718,0.011210450898354644,0.137796502332519,6.210791441336462,0.04816790139876515,2.226977118813831,0.045548580904052526,0.8226900305380446,0.10179682866293234
375,250000.0,250000.0,500000.0,500000.0,0.04009128291078139,13904.121088414584,932.9540561040421,7.451664418758907,3476030272.103646,1.069547776031891,0.011017005080479968,480.6870901337593,0.02387421112218981,0.01204648140719646,0.15667506882308976,8.711743740989135,0.06593848278246749,1.9297108417369544,0.057452093279967954,2.6999490055018875,0.5952845091363222
377,250000.0,250000.0,500000.0,500000.0,0.0029749198248924355,13798.009883156285,343.2678740312952,20.098021001957118,3449502470.789071,1.0613853756274065,0.0294862836510796,225.57554278962357,0.015412522562223042,0.03302144365298256,0.15829302947242785,8.297204719338943,0.01805838231366644,1.6723452098577116,0.17867475978450295,3.268589009113498,0.21732016423575842
380,250000.0,250000.0,500000.0,500000.0,0.0868297028414492,13437.854055753964,216.09120251279788,31.093015123922303,3359463513.938491,1.0336810812118433,0.01567605484666525,324.2082614351126,0.27836522540209013,0.01570267553833871,0.12751506829389586,7.3122169888756385,0.0046848119279847425,6.126361638929517,0.1445056930281436,1.9489580239407638,0.10257998231450584
