time,TDBc_ugperkg,TDBc_ugperml,Btumor,IL6combo
0.0,40.0,1.0875475802066341,8.06e10,0.0
5.847592533209189e-16,39.99999999999998,1.0875475802066334,8.06e10,5.708790280116242e-24
5.8481772924625104e-12,39.999999999811926,1.0875475802015204,8.060000000001178e10,5.709361206093976e-16
6.43241026245544e-11,39.99999999793141,1.0875475801503918,8.060000000012961e10,4.433889861878731e-14
5.469928463053928e-10,39.99999998240937,1.0875475797283678,8.060000000110219e10,2.723482099636742e-12
2.2854045326923787e-9,39.99999992650417,1.0875475782083786,8.060000000460509e10,4.4760153644997295e-11
6.171833701391163e-9,39.99999980152134,1.0875475748102594,8.060000001243625e10,3.20688128180737e-10
1.3553940607708216e-8,39.99999956412178,1.0875475683556763,8.060000002731119e10,1.5381118301651537e-9
2.6780962705983434e-8,39.99999913875687,1.087547556790562,8.060000005396364e10,5.9936138848482274e-9
4.9988118129688316e-8,39.99999839244305,1.087547536499267,8.060000010072606e10,2.0867522298320225e-8
9.043623632031363e-8,39.99999709168092,1.0875475011332494,8.0600000182229e10,6.82823521326291e-8
1.6099705102260932e-7,39.99999482253133,1.0875474394380458,8.060000032440901e10,2.1637811934346235e-7
2.852821411972932e-7,39.999990825675035,1.087547330768761,8.060000057484335e10,6.793666903362752e-7
5.08469489509491e-7,39.99998364824438,1.0875471356238275,8.060000102456548e10,2.158079668146565e-6
8.704629945301698e-7,39.99997200698155,1.087546819113147,8.060000175398126e10,6.324384722816366e-6
1.2324564995508485e-6,39.99996036572259,1.087546502602572,8.060000248339645e10,1.2677815234972452e-5
2.0062001405887028e-6,39.99993548310654,1.0875458260768498,8.060000404248415e10,3.359036014902656e-5
2.7799437816265568e-6,39.99991060050816,1.0875451495516084,8.060000560156902e10,6.44919194073535e-5
3.553687422664411e-6,39.99988571792745,1.0875444730268473,8.060000716065103e10,0.00010538020404348912
5.1217540240634046e-6,39.9998352910163,1.0875431019852175,8.060001032027328e10,0.00021886204922181562
8.519468456609967e-6,39.999726025342795,1.087540131194747,8.06000171665578e10,0.0006053541954096109
1.652024617201713e-5,39.99946873303352,1.0875331357540379,8.060003328764478e10,0.0022743969980194272
3.5256347071570196e-5,39.99886621716716,1.0875167541372257,8.060007103860275e10,0.010339155149344723
6.621514728782124e-5,39.99787066622372,1.0874896864117378,8.060013341349902e10,0.03635523321690576
9.717394750407229e-5,39.996875143569206,1.087462619455389,8.060019578369215e10,0.07805376601790434
0.00012813274772032333,39.99587964920283,1.0874355532681572,8.060025814850842e10,0.1352872992485608
0.0001960451834424367,39.99369599288722,1.0873761825146062,8.060039493525374e10,0.31454100273234836
0.00026395761916455003,39.991512472683176,1.0873168154617503,8.060053169626033e10,0.5663253660592883
0.0003318700548866634,39.98932908858218,1.0872574521093579,8.060066843151889e10,0.8891399588282969
0.0003997824906087768,39.98714584057573,1.0871980924571976,8.060080514027112e10,1.281512291958135
0.0005191972684203671,39.98330722603434,1.0870937255583017,8.06010454584122e10,2.13575214918662
0.0007451033174843095,39.976046576669184,1.0868963180171067,8.060149984667897e10,4.300779158246242
0.0009710093665482518,39.96878743263679,1.0866989514039365,8.060195392283841e10,7.1425018950147185
0.0011969154156121942,39.961529793623995,1.086501625710277,8.060240764758563e10,10.614085669067592
0.0014228214646761364,39.9542736593177,1.0863043409276154,8.060286102153253e10,14.671354860256477
0.0016487275137400787,39.947019029404856,1.0861070970474402,8.060331406528262e10,19.272651021316193
0.00201729423350176,39.935186297166986,1.0857853805646271,8.060405248166219e10,27.84638938718799
0.0023858609532634405,39.92335756714183,1.0854637728967327,8.060478995478154e10,37.60689475070228
0.002754427673025121,39.911532837971045,1.0851422740068255,8.060552642535832e10,48.41152399861853
0.0033732340627422343,39.891688661217465,1.084602736846587,8.06067605547131e10,68.54879695019646
0.003992040452459347,39.87185575216076,1.08406350604026,8.060799169388246e10,90.73338544492246
0.0046108468421764606,39.85203410438097,1.0835245814132943,8.06092198288048e10,114.51495213412069
0.005229653231893574,39.83222371146178,1.0829859627912393,8.061044481350424e10,139.5141111310185
0.005848459621610687,39.81242456699055,1.082447649999743,8.061166641423387e10,165.41033357555824
0.0064672660113278,39.79263666455827,1.0819096428645534,8.06128845403237e10,191.93431540477584
0.007086072401044913,39.77285999775962,1.0813719412115175,8.061409929025659e10,218.86181033664332
0.008040893568410801,39.74236653669125,1.080542863966592,8.061596714652861e10,260.7815713784571
0.009566859058300585,39.693688283801066,1.0792193660631066,8.061893541511807e10,327.5737061131618
0.011383138276058177,39.63583782922099,1.0776464880157963,8.062243862429509e10,405.02313928721793
0.012717866367745247,39.59338673055565,1.0764922982750313,8.062499447751971e10,459.664475277452
0.014052594459432317,39.55098760437128,1.075339521597914,8.062753514730045e10,511.98332197856064
0.015387322551119386,39.50864038681724,1.0741881562484297,8.063006011157562e10,561.8136602040884
0.016722050642806456,39.46634501412135,1.0730382004926957,8.063256848259003e10,609.0832551850573
0.018056778734493528,39.42410142258974,1.0718896525989599,8.063506122975252e10,653.7767317500366
0.0193915068261806,39.381909548606814,1.0707425108375968,8.063753819966747e10,695.9128190878768
0.02072623491786767,39.3397693286351,1.0695967734811065,8.063999966913022e10,735.5436843788419
0.022060963009554742,39.29768069921524,1.0684524388041121,8.064244565060883e10,772.7435751343744
0.023395691101241813,39.25564359696585,1.0673095050833563,8.06448767016134e10,807.6020229889474
0.024730419192928885,39.21365795858337,1.066167970597699,8.064729284981598e10,840.2087017398632
0.026065147284615956,39.17172372084205,1.0650278336281145,8.064969466671764e10,870.655376780534
0.027399875376303028,39.12984082059383,1.0638890924576896,8.065208137173598e10,899.0244470671391
0.0287346034679901,39.08800919476821,1.0627517453716206,8.065445337529393e10,925.4039039403823
0.03006933155967717,39.04622878037221,1.0616157906572108,8.06568101305835e10,949.87065438755
0.03140405965136424,39.00449951449023,1.060481226603867,8.06591534182384e10,972.5139863170089
0.032738787743051306,38.962821334283966,1.0593480515030986,8.066148221722603e10,993.401963821694
0.034073515834738374,38.92119417699234,1.0582162636485137,8.066379627975616e10,1012.6035683610647
0.03540824392642544,38.87961797993136,1.0570858613358172,8.066609554898953e10,1030.1871321173471
0.03674297201811251,38.83809268049408,1.0559568428628079,8.066838148101425e10,1046.2320099959343
0.038890851489744735,38.771375776379784,1.0541428976720986,8.067203169017502e10,1068.980049262011
0.04103873096137696,38.704790255150996,1.0523325246098694,8.067564772835321e10,1088.1602702789453
0.043186610433009184,38.63833585716011,1.0505257166166424,8.067923077773949e10,1104.0028810550612
0.04533448990464141,38.57201232327273,1.048722466646893,8.068278130270895e10,1116.710874806926
0.047482369376273634,38.50581939486657,1.0469227676690203,8.068629945425601e10,1126.470222044822
0.04963024884790586,38.43975681383047,1.04512661266532,8.068978557001581e10,1133.4560270416096
0.053530179203903724,38.32013856275243,1.0418743491776083,8.06960353676981e10,1139.5796825340176
0.05743010955990159,38.200947655488,1.0386337046081566,8.070218526361646e10,1137.9943723950587
0.061330039915899456,38.08218255982551,1.0354046372981378,8.070823907141689e10,1129.4934503770767
0.06522997027189732,37.96384174904724,1.0321871057380978,8.071420037175621e10,1114.7867520712332
0.06912990062789519,37.84592370190875,1.028981068567394,8.0720072569281e10,1094.5199834971188
0.07499997513495868,37.669230225908706,1.0241770045108403,8.072875065638234e10,1054.8310094351157
0.08087004964202217,37.49348596326012,1.0193987483213736,8.073724565887529e10,1005.716101823485
0.08674012414908566,37.31868579600181,1.0146461608483364,8.074556835648218e10,948.813621676684
0.09261019865614915,37.14482463376738,1.009919103691337,8.075372907442888e10,885.6181600468401
0.09848027316321264,36.971897413632206,1.0052174391960904,8.076173758500568e10,817.5158810611657
0.10435034767027614,36.799899099969714,1.0005410304505087,8.076960301964613e10,745.8122398286762
0.11022042217733963,36.62882468430768,0.9958897412807961,8.077733378967995e10,671.7655173755628
0.11609049668440312,36.45866918518227,0.9912634362474788,8.078493749591173e10,596.6547970628591
0.12196057119146661,36.289427647991594,0.9866619806414245,8.079242081924886e10,521.8769214627977
0.1278306456985301,36.12109514485016,0.9820852404798847,8.079978939544568e10,449.1098290723778
0.13159192754411095,36.013710762276474,0.9791655998443848,8.08044526616406e10,404.50170146832335
0.13411766778489895,35.941808708635726,0.9772106772331627,8.080755916124608e10,375.831504830515
0.13664340802568695,35.87007307546473,0.97526027937642,8.081064588717003e10,348.43769351146426
0.13916914826647495,35.79850347608237,0.9733143957608038,8.081371301604922e10,322.5229846887296
0.14169488850726294,35.72709952470694,0.9713730158974153,8.081676068590138e10,298.2653010206224
0.14422062874805094,35.65586083645333,0.9694361293217326,8.081978899933371e10,275.79861487114863
0.14674636898883894,35.5847870273306,0.9675037255935454,8.082279802820853e10,255.20136016001794
0.14927210922962694,35.513877714239975,0.9655757942968998,8.082578781927687e10,236.49123641826685
0.15082367712441436,35.47039936183272,0.9643936748731027,8.082761492785141e10,225.91800935498873
0.15237524501920177,35.4269828521533,0.963213236872031,8.08294347907502e10,216.0249459302876
0.15392681291398919,35.38362809689159,0.962034477892648,8.083124741010355e10,206.7901859205106
0.1554783808087766,35.340335007863594,0.9608573955373462,8.083305278657156e10,198.18863948233573
0.1582918134419795,35.26198936209323,0.9587272801004141,8.083630797045526e10,184.11658664760557
0.16110524607518242,35.18384566133173,0.9566026552836251,8.083953932906757e10,171.85775420468033
0.16391867870838533,35.10590338298117,0.9544835068782264,8.084274684746333e10,161.22693551043045
0.16673211134158825,35.028162005796084,0.9523698207122372,8.08459305082881e10,152.0439617210576
0.16954554397479116,34.95062100987981,0.9502615826503483,8.084909029365208e10,144.1412339008046
0.17235897660799407,34.87327987668112,0.9481587785938314,8.08522261858737e10,137.3656900484047
0.17517240924119698,34.79613808899087,0.9460613944804478,8.08553381679694e10,131.57853775257234
0.1779858418743999,34.71919513093855,0.9439694162843543,8.085842622413065e10,126.65504224029053
0.1807992745076028,34.64245048798875,0.9418828300160073,8.086149034012059e10,122.48446196808854
0.18361270714080571,34.56590364693772,0.9398016217220696,8.086453050349773e10,118.96928271154152
0.18642613977400863,34.48955409590991,0.9377257774853156,8.086754670370248e10,116.02424419594378
0.18923957240721154,34.41340132435454,0.9356552834245389,8.08705389320768e10,113.57453437853798
0.19205300504041445,34.33744482304217,0.9335901256944581,8.087350718186253e10,111.55517633138913
0.19486643767361736,34.261684084061294,0.9315302904856252,8.087645144821005e10,109.90917821667432
0.19767987030682027,34.1861186008149,0.9294757640243312,8.08793717281986e10,108.58653000364693
0.20194056521660067,34.07205198531313,0.9263744422325484,8.088374856403467e10,107.10276844252436
0.20620126012638107,33.958430269803905,0.9232852166885238,8.088807039154643e10,106.1337513329861
0.21046195503616147,33.84525171188014,0.920208040018492,8.089233722523145e10,105.57764799775859
0.21472264994594187,33.73251457595883,0.9171428650342259,8.089654908890125e10,105.35238791487636
0.21898334485572227,33.620217133253625,0.9140896447322899,8.090070601536057e10,105.3913571298182
0.22324403976550267,33.50835766174902,0.9110483322933391,8.090480804617564e10,105.63981714055738
0.22750473467528307,33.39693444617444,0.9080188810814149,8.090885523145027e10,106.0532485307539
0.23176542958506346,33.28594577797794,0.9050012446432284,8.091284762956941e10,106.59618274673173
0.23602612449484386,33.17538995529971,0.9019953767074417,8.091678530692485e10,107.2396255984877
0.24028681940462426,33.0652652829457,0.8990012311839506,8.092066833762444e10,107.96032069327953
0.24454751431440466,32.9555700723616,0.8960187621631757,8.092449680319286e10,108.73979777033271
0.24880820922418506,32.846302641606776,0.8930479239153555,8.09282707922966e10,109.56306968798506
0.25306890413396543,32.73746131532842,0.8900886708898428,8.093199040051538e10,110.41807940047721
0.2573295990437458,32.62904442473575,0.8871409577144033,8.09356557301501e10,111.29433472354235
0.2615902939535262,32.521050307574306,0.8842047391945161,8.093926689000581e10,112.18319835346605
0.2684885632494473,32.347094779511814,0.8794751163543179,8.094499897753676e10,113.63312963398438
0.27538683254536844,32.174236145301236,0.8747753166204795,8.095058989352184e10,115.07939969776888
0.2822851018412896,32.00246745820493,0.8701051511203081,8.095604019804721e10,116.50773148379731
0.2891833711372107,31.831781815479246,0.8654644321772498,8.096135048758896e10,117.9074380972775
0.29608164043313184,31.662172358086504,0.8608529733030588,8.096652139283969e10,119.27054505970429
0.30712279870326714,31.39292340651085,0.853532447159077,8.09745093652732e10,121.3625329121019
0.31816395697340244,31.12638628736406,0.8462856521849934,8.098214484453839e10,123.33251830471765
0.32920511524353774,30.862533564533727,0.8391118424288669,8.098943089099239e10,125.17343969476995
0.34024627351367304,30.601338079469734,0.8320102794853108,8.099637072814903e10,126.88152157211016
0.35128743178380833,30.342772948278206,0.8249802324164819,8.100296772665022e10,128.45452805983442
0.36232859005394363,30.0868115590284,0.8180209776788581,8.100922539121828e10,129.89149004957625
0.3849411245831581,29.570613178387593,0.8039862201845457,8.10209974673335e10,132.41029398472313
0.40755365911237257,29.065002893911355,0.7902393391493028,8.103139408948308e10,134.36611007196228
0.43016619364158704,28.569762488414575,0.7767744015338384,8.104044946860916e10,135.77206554824267
0.4527787281708015,28.084678242417667,0.7635855965855809,8.104819915776561e10,136.64172042288166
0.47539126270001597,27.60954083584648,0.7506672331660272,8.10546798210493e10,136.990552650368
0.49800379722923044,27.144145260471372,0.7380137373700754,8.105992909030858e10,136.83514540320672
0.5206163317584449,26.688290734316467,0.7256196501989252,8.106398545546284e10,136.19522363470867
0.5432288662876593,26.241780615263433,0.7134796252110776,8.106688816844975e10,135.09002944588516
0.5658414008168737,25.80442231503824,0.7015884261837477,8.106867716303906e10,133.54181317238516
0.5884539353460881,25.376027215047063,0.689940924824553,8.106939299387117e10,131.5705938488399
0.6110664698753026,24.956410584436707,0.6785320985436842,8.106907679224129e10,129.20169516681864
0.633679004404517,24.545391500085962,0.6673570282785742,8.106777023266115e10,126.45497278394362
0.6562915389337314,24.142792768222133,0.6564108963627551,8.106551550544025e10,123.35746595538699
0.6789040734629458,23.748440847564012,0.6456889844362157,8.106235529227124e10,119.9331579406524
0.7015166079921602,23.36216577400874,0.6351866713977363,8.105833274312123e10,116.2119555955843
0.7241291425213746,22.983801086877676,0.6248994313996106,8.105349145175705e10,112.21267566409065
0.746741677050589,22.61318375669889,0.614822831884146,8.10478754281915e10,107.96522958491154
0.7693542115798034,22.250154114485014,0.6049525316608214,8.104152906679895e10,103.49934201692844
0.7919667461090178,21.894555782467297,0.5952842790230368,8.103449710786038e10,98.83962426036362
0.8145792806382323,21.54623560625449,0.5858139099036023,8.102682459060191e10,94.01491028175843
0.8371918151674467,21.205043588389007,0.5765373460682166,8.101855679624164e10,89.05037030230531
0.8598043496966611,20.87083282327301,0.5674505933461939,8.100973917992328e10,83.97443104144136
0.8824168842258755,20.543459433436425,0.5585497398976733,8.100041729051155e10,78.81774219048405
0.9050294187550899,20.222782507118797,0.5498309545165524,8.0990636676949e10,73.6102091099149
0.9276419532843043,19.90866403713772,0.541290484968399,8.098044277982584e10,68.38139087659195
0.9502544878135187,19.600968861017236,0.532924656362622,8.096988080699129e10,63.1592133891266
0.9728670223427331,19.29956460235035,0.5247298695581933,8.095899559290768e10,57.975154336354464
0.9954795568719476,19.00432161337024,0.516702599602236,8.094783144159775e10,52.859797223595024
1.018092091401162,18.715112918705252,0.5088393942007953,8.093643195321002e10,47.84647662521441
1.0407046259303765,18.43181416029325,0.5011368722211323,8.092483983451685e10,42.96777656356799
1.063317160459591,18.154303543431485,0.49359172222489084,8.091309669453812e10,38.26251898205058
1.0859296949888055,17.88246178393847,0.48620070103149726,8.090124282709871e10,33.771391201325656
1.10854222951802,17.616172056405034,0.47896063231117547,8.088931698267825e10,29.535664760201357
1.1311547640472346,17.35531994351205,0.47186840520696166,8.087735613361642e10,25.600086390744444
1.153767298576449,17.09979338639288,0.46492097298512447,8.08653952390682e10,22.011581355060855
1.168095284900678,16.940590358370876,0.460592451287952,8.085783141589464e10,19.937827023449707
1.182423271224907,16.783453918972466,0.45632011742720135,8.085028858736874e10,18.02986978281294
1.196751257549136,16.62835697879099,0.4521032348774059,8.084277415415213e10,16.29377895575944
1.2110792438733649,16.47527280477601,0.4479410768019579,8.083529509397522e10,14.731535647474399
1.2254072301975938,16.324175014977286,0.4438329259102035,8.082785794681459e10,13.341138173997741
1.2397352165218227,16.175037573307655,0.43977807431505317,8.082046880337491e10,12.116000635103944
1.2540632028460517,16.027834784834734,0.4357758234049683,8.08131332995881e10,11.04621580068336
1.2628575392404606,15.938430781958132,0.4333450457302374,8.080865968030653e10,10.460975111598513
1.2716518756348696,15.84974026922956,0.4309336669176063,8.080420934270029e10,9.925990994243683
1.2804462120292786,15.7617574918242,0.42854153050092986,8.079978333643727e10,9.437939581416549
1.2892405484236875,15.674476741453317,0.426168481279318,8.079538264819385e10,8.993576757659495
1.2980348848180965,15.58789235593181,0.4238143653053782,8.07910082022681e10,8.5897470566942
1.3068292212125054,15.501998718751095,0.42147902987360236,8.078666086140375e10,8.22342925615043
1.3156235576069144,15.416790258697215,0.4191623235099841,8.078234142784148e10,7.891787808325437
1.3244178940013234,15.332261449495013,0.416864095962344,8.077805064455234e10,7.592192073033677
1.3332122303957323,15.24840680945471,0.4145841981907208,8.077378919662523e10,7.322203133313451
1.3420065667901413,15.16522090111402,0.4123224823576406,8.076955771281303e10,7.07954628818584
1.3508009031845503,15.08269833087939,0.410078801818363,8.076535676725334e10,6.862081523303734
1.3595952395789592,15.000833748670457,0.40785301111121414,8.076118688137085e10,6.667776158596165
1.3683895759733682,14.91962184756872,0.4056449659480348,8.075704852595514e10,6.49468205438934
1.3771839123677772,14.839057363469694,0.40345452320472247,8.075294212339754e10,6.340919981451149
1.3859782487621861,14.75913507473778,0.40128154091184826,8.07488680500647e10,6.204672616964457
1.394772585156595,14.679849801863677,0.39912587824534196,8.074482663878127e10,6.084185800200381
1.403566921551004,14.601196407124457,0.39698739551725004,8.074081818138977e10,5.977776346710194
1.412361257945413,14.523169794246382,0.3948659541665683,8.073684293135294e10,5.883843964531787
1.421155594339822,14.445764908070517,0.39276141675014997,8.073290110636316e10,5.800884505467306
1.429949930734231,14.36897673422103,0.3906736469336876,8.072899289092543e10,5.7275020153374
1.43874426712864,14.292800298776186,0.3886025094827674,8.072511843888455e10,5.662417450800584
1.4475386035230489,14.217230667941964,0.38654787025399573,8.072127787587033e10,5.604474787699003
1.4563329399174578,14.14226294772833,0.3845095961861971,8.071747130164325e10,5.552641141941124
1.4651272763118668,14.0678922836281,0.38248755529168293,8.071369879232445e10,5.506004495185987
1.4739216127062758,13.99411386029841,0.38048161664759134,8.070996040250107e10,5.463767759900583
1.4827159491006847,13.920922901244753,0.37849165038729615,8.070625616720236e10,5.425241054335112
1.4915102854950937,13.848314668507554,0.3765175276918856,8.07025861037445e10,5.389832397754797
1.5003046218895026,13.776284462351292,0.37455912078170994,8.069895021344493e10,5.357037748645469
1.5090989582839116,13.70482762095612,0.37261630290799674,8.069534848320909e10,5.326430824576864
1.5233754268683173,13.59003569125895,0.36949526077376155,8.068957420740411e10,5.280501344133141
1.537651895452723,13.476723021173298,0.3664144377698014,8.068388970833548e10,5.2381912772091725
1.5519283640371286,13.364870292570174,0.3633733086615055,8.067829474310553e10,5.198603159419352
1.5662048326215343,13.25445843962462,0.36037135507407886,8.067278901393109e10,5.16108190543385
1.58048130120594,13.145468645286988,0.3574080653966011,8.06673721791495e10,5.1251417725418165
1.5947577697903457,13.037882338228368,0.3544829346989768,8.066204386072913e10,5.090429854188024
1.6090342383747513,12.93168118985602,0.351595464650789,8.065680365062788e10,5.0566893428348845
1.623310706959157,12.826847111135786,0.3487451634349044,8.065165111731613e10,5.0237392712934135
1.6375871755435627,12.72336224933953,0.34593154565904105,8.064658581182559e10,4.99144749247576
1.6518636441279684,12.621208984905174,0.3431541322703962,8.064160727249065e10,4.959721568545551
1.666140112712374,12.520369928428051,0.3404124504738459,8.063671502850421e10,4.928492481248944
1.6804165812967797,12.42082791769548,0.33770603365131807,8.063190860290248e10,4.897712072778884
1.6946930498811854,12.322566014716827,0.33503442128104477,8.062718751528369e10,4.867341994262135
1.708969518465591,12.225567502772545,0.33239715885732857,8.062255128416032e10,4.837355821434947
1.7232459870499968,12.129815883515349,0.3297937978117278,8.061799942882274e10,4.807731860774328
1.7375224556344024,12.035294874124975,0.3272238954356981,8.061353147078235e10,4.7784561235899545
1.7517989242188081,11.941988404499854,0.32468701480423745,8.060914693494678e10,4.749515443161334
1.7660753928032138,11.849880614477438,0.322182724700311,8.060484535060666e10,4.72090098322803
1.7803518613876195,11.7589558510876,0.319710599540174,8.060062625223355e10,4.692603222122616
1.7946283299720251,11.669198665844608,0.31727021929974464,8.059648918008452e10,4.6646162551923895
1.8089047985564308,11.580593812077227,0.3148611694420127,8.059243368064355e10,4.6369342036332295
1.8231812671408365,11.49312624229352,0.3124830408453921,8.058845930694402e10,4.609551351429097
1.8513636210242732,11.323742417788212,0.3078777166337197,8.058085015977042e10,4.556354512388391
1.8994218182657894,11.04467070397423,0.30029012245715686,8.056859047765251e10,4.46818771260787
1.9474800155073055,10.777457484320324,0.29302494519631117,8.055721985035489e10,4.383108023627758
1.9955382127488217,10.521589602287376,0.2860682327973729,8.054672344074284e10,4.300983718653479
2.043596409990338,10.27657611022967,0.2794066370372395,8.053708721191182e10,4.221691217401139
2.0916546072318543,10.041947255647349,0.2730273859610481,8.052829783610374e10,4.145113053616499
2.1397128044733704,9.817253597574485,0.2669182598579251,8.052034259868977e10,4.071139057534417
2.2177175769942084,9.472611310036031,0.25754788771169196,8.05091750705181e10,3.9563576015068698
2.2957223495150463,9.15129376944784,0.24881168486807612,8.050012365640073e10,3.847768095963544
2.373727122035884,8.851676139039794,0.24066547414463824,8.049314084788516e10,3.744994421572529
2.451731894556722,8.572250265345021,0.23306825082504135,8.048818120537907e10,3.647690761054701
2.52973666707756,8.311615951125361,0.22598194538133118,8.048520086281369e10,3.5555380445077014
2.607741439598398,8.06847149696381,0.21937116631222972,8.04841571085453e10,3.4682399800701758
2.7362878870094174,7.702793797411687,0.20942886888014373,8.048655191309117e10,3.334248262264763
2.864834334420437,7.3764219779688105,0.20055524681807532,8.049390923227615e10,3.2115525120129282
2.993380781831456,7.084937423509182,0.1926301637713209,8.050604953861086e10,3.099109078466351
3.1219272292424756,6.824453218067849,0.18554793958857665,8.052279753855243e10,2.9959754491474966
3.3305713796678824,6.458909587464205,0.1756092873155031,8.055935300571391e10,2.846204645140233
3.5392155300932893,6.153400312307168,0.16730289049231017,8.060689291908492e10,2.7154627692619964
3.747859680518696,5.897515612599187,0.16034572084282725,8.066474702924774e10,2.6009426205706094
3.956503830944103,5.682621826185971,0.15450304040744892,8.073228651517377e10,2.5002357260435346
4.16514798136951,5.501555179469364,0.1495800755701295,8.080892753584796e10,2.4112678931304394
4.373792131794917,5.348399793867845,0.14541598134496586,8.089413262622688e10,2.332271153516259
4.582436282220324,5.218285830465802,0.1418783531937412,8.098741056436972e10,2.2617554018535992
4.791080432645731,5.107203166432789,0.13885816113194097,8.108831519860156e10,2.1984617261189134
4.999724583071138,5.011843557128303,0.1362654583232274,8.119644321530406e10,2.141331933099641
5.2083687334965445,4.929474940137727,0.13402596357090066,8.13114309466919e10,2.0894798581817082
5.417012883921951,4.857841573097142,0.13207834619622463,8.14329507424822e10,2.0421557228078373
5.625657034347358,4.795082192648264,0.13037200088766351,8.156070743461584e10,1.998727585622369
5.834301184772765,4.739661496818711,0.12886518479659356,8.169443506268924e10,1.9586736949504902
6.042945335198172,4.690312895133564,0.127523460987862,8.183389379389406e10,1.9215603515733855
6.251589485623579,4.645991221476279,0.12631841276444478,8.197886701269247e10,1.887014001991055
6.460233636048986,4.605833931664841,0.12522658868039263,8.212915865163152e10,1.8547137708897399
6.668877786474392,4.5691292196399065,0.12422863566177016,8.228459082486302e10,1.8243980628587066
6.877521936899799,4.5352897091120905,0.12330858371702258,8.244500175778398e10,1.795854926062553
7.086166087325206,4.50383070165981,0.12245325453126182,8.261024397131334e10,1.7688952532240365
7.294810237750613,4.474352205538669,0.1216517728531449,8.278018268747748e10,1.7433432692620368
7.50345438817602,4.446524110060199,0.12089516340566066,8.29546945045676e10,1.719058644128494
7.712098538601427,4.420073962259791,0.12017601854974963,8.313366598678699e10,1.6959329537808894
7.9207426890268335,4.394776885623438,0.11948822418769543,8.331699278152203e10,1.6738723078222388
8.129386839452241,4.370447261177765,0.11882673358286473,8.350457867648187e10,1.6527757536968264
8.338030989877648,4.346931861703754,0.11818738068797591,8.369633482283916e10,1.632546850665698
8.546675140303055,4.32410418607979,0.1175667261033113,8.389217902084302e10,1.6131261991484052
8.755319290728462,4.30185978480703,0.11696192998387793,8.409203507724535e10,1.5944827217084296
8.963963441153869,4.28011240348131,0.11637064718546246,8.429583228966222e10,1.5765471524212016
9.172607591579276,4.258790800895338,0.11579094075299994,8.450350494608093e10,1.55924889883539
9.381251742004682,4.237836123597902,0.11522121053827901,8.471499195818079e10,1.5425404159800502
9.58989589243009,4.217199739574378,0.11466013430055404,8.493023647369875e10,1.5264181639449943
9.798540042855496,4.196841450801917,0.1141066191082631,8.514918555139575e10,1.5108648812968308
10.007184193280903,4.176728018446048,0.11355976124105623,8.537178986486066e10,1.4958058139370256
10.21582834370631,4.156831946016206,0.11301881310538896,8.559800343080627e10,1.4811619782687022
10.424472494131717,4.137130475351118,0.11248315593668076,8.58277833757707e10,1.466980129863999
10.633116644557123,4.117604758203774,0.1119522772757959,8.60610897191047e10,1.4532659050788062
10.84176079498253,4.0982391727139,0.11142575238482598,8.629788517601025e10,1.4399686508961278
11.050404945407937,4.0790207594291585,0.1109032289132452,8.653813498659016e10,1.4269813718758806
11.259049095833344,4.059938755966747,0.11038441424596919,8.678180675330484e10,1.4142857901719417
11.46769324625875,4.040984213062735,0.10986906506423967,8.702887029452405e10,1.4019960318162639
11.60563251285255,4.028519275658588,0.10953015975145698,8.719405814283029e10,1.3941571437847458
11.701569782428853,4.0198797945808415,0.10929526358294837,8.730980966605075e10,1.3887394133626145
11.765245066397378,4.014158843430765,0.10913971841845474,8.738702540487155e10,1.3851476252356627
11.828920350365904,4.0084482651201405,0.10898445527787222,8.746455099533965e10,1.3815996369719155
11.892595634334429,4.0027479148563545,0.10882947022447946,8.754238575032573e10,1.378088984599454
11.956270918302954,3.9970576554196415,0.10867475952745083,8.76205289979666e10,1.3746015608760098
12.019946202271479,3.991377356618861,0.10852031964705984,8.76989800812747e10,1.3711372623652378
12.083621486240004,3.9857068949893577,0.10836614722646432,8.777773835787656e10,1.3677008413967944
12.147296770208529,3.980046153493719,0.10821223908357039,8.78568031997879e10,1.3642924055448917
12.256925063175597,3.970322636976431,0.1079478694120835,8.799364382835107e10,1.358484364831454
12.366553356142665,3.9606270786197206,0.10768425988634368,8.813138831967693e10,1.3527488708431592
12.476181649109733,3.9509589966724907,0.10742139740816994,8.827003375563513e10,1.347085907188836
12.585809942076802,3.9413179501980227,0.10715926998907076,8.840957733276872e10,1.3414943518983513
12.768130485971978,3.925342916594074,0.10672492976057842,8.864363102886362e10,1.3323481326493019
12.950451029867155,3.909439893105319,0.10629254739274929,8.888014970025778e10,1.3233850433597465
13.132771573762332,3.8936074349098315,0.10586208360276866,8.911912240273857e10,1.3145976495268812
13.315092117657509,3.877844281709655,0.10543350412478669,8.93605389409835e10,1.305980299362167
13.639663515450685,3.8499504720746653,0.10467510799550477,8.979633304733023e10,1.2910419285019357
13.964234913243862,3.8222676030145277,0.10392244706401652,9.023979417062503e10,1.2765909599731597
14.288806311037039,3.7947914440031356,0.10317540630786122,9.069088034954813e10,1.2625971433595864
14.613377708830216,3.7675184986865844,0.10243389066575814,9.114955539592094e10,1.2490320438814895
15.21596589047191,3.7174132976702436,0.10107159591273093,9.202113682265836e10,1.2249010407462897
15.818554072113605,3.6679827329506463,0.09972764363650478,9.291861735832751e10,1.2020253814802029
16.4211422537553,3.6192144685528564,0.09840169843808745,9.384189374950426e10,1.1802881411920707
17.023730435396995,3.571097663437022,0.09709346556381246,9.479090604464822e10,1.159587567333378
17.62631861703869,3.523622267705243,0.09580267177012623,9.576563156143893e10,1.1398382354543062
18.228906798680388,3.476778893113054,0.09452906180296504,9.676608055370316e10,1.1209726607824888
19.138421604725938,3.4072533259151507,0.09263875274375069,9.832491192981316e10,1.0940456504941043
20.047936410771488,3.339118490258398,0.09078625585259374,9.994268309177504e10,1.068831135185871
20.957451216817038,3.272346446238283,0.08897081148010556,1.0161975250495079e11,1.0452090252180244
21.0,3.269255641220727,0.08888677654216223,1.0169966826298737e11,1.0441391653014522
21.0,43.269255641220724,1.1764343567487963,1.0169966826298737e11,1.0441391653014522
21.000054032647398,43.267514180116315,1.176387008703543,1.0169976031455797e11,1.0524560068690392
21.000108065294796,43.26577280518424,1.1763396630012029,1.0169985233779802e11,1.0607546799330096
21.00023985519567,43.261525795723614,1.1762241923796524,1.017000766775314e11,1.080924096495472
21.000371645096543,43.25727924187671,1.1761087341456418,1.0170030086780357e11,1.100998376611344
21.000503434997416,43.25303318156218,1.17599328933013,1.0170052489639326e11,1.1209702114322175
21.00071242067874,43.2463010398563,1.175810251219584,1.0170087980837683e11,1.1524260246377043
21.001097023636767,43.23391502778448,1.175473491783156,1.017015318692291e11,1.2096347166333727
21.001804988541462,43.21112664602336,1.1748539055471277,1.017027284722824e11,1.312696095903524
21.002512953446157,43.18835302757099,1.1742347207061172,1.017039203222913e11,1.412919587733846
21.003220918350852,43.165594167707205,1.1736159371317891,1.0170510745778767e11,1.5104033329082316
21.003928883255547,43.14285005844692,1.1729975546070397,1.0170628991836377e11,1.605243972310494
21.005207226118404,43.10181929641035,1.171881981957867,1.0170841332878949e11,1.7701080838925938
21.00648556898126,43.060836544595126,1.1707677146436957,1.0171052183879663e11,1.927139803964597
21.00776391184412,43.01990174702586,1.169654751142628,1.0171261566646237e11,2.076812879325854
21.009042254706976,42.9790148457017,1.168543089877697,1.0171469503072975e11,2.2195800224010203
21.010320597569834,42.9381757831698,1.1674327292868352,1.0171676014261327e11,2.355854127524928
21.01159894043269,42.89738450273073,1.1663236678284592,1.0171881120572299e11,2.486011974262293
21.013642111588737,42.832287010393614,1.1645537523217404,1.0172206073374724e11,2.6821950531244974
21.015685282744784,42.767311207063834,1.1627871453796583,1.0172527567091927e11,2.864936456201911
21.01772845390083,42.70245686404525,1.1610238407842646,1.0172845679069574e11,3.0354143208584627
21.019771625056876,42.63772375304618,1.1592638323286073,1.0173160484774675e11,3.1946834124587795
21.023386233229147,42.52349957673627,1.156158226664934,1.0173709540589459e11,3.4518866969295483
21.027000841401417,42.40965285756552,1.1530628835662184,1.0174248875486215e11,3.6815666411684425
21.030615449573688,42.29618234107454,1.1499777689253545,1.0174778871421915e11,3.8875795493465404
21.034230057745958,42.183086776992404,1.1469028487491137,1.0175299896469327e11,4.073183658755176
21.03784466591823,42.07036491921669,1.1438380891576045,1.0175812305232402e11,4.241138361480091
21.0414592740905,41.958015525786195,1.1407834563835288,1.0176316439174939e11,4.393773313099519
21.04507388226277,41.846037358862745,1.1377389167716896,1.01768126270624e11,4.533052680001256
21.0507491611721,41.67096702066761,1.1329789837049378,1.0177576413163663e11,4.728704448373766
21.05642444008143,41.4968040346197,1.1282437203539886,1.0178322555099954e11,4.900691714628418
21.06209971899076,41.32354367064172,1.1235329981142392,1.0179052152330397e11,5.053033051562633
21.067774997900088,41.15118122331732,1.1188466890515858,1.0179766240513226e11,5.1888860691129395
21.073450276809417,40.979712011753016,1.114184665898668,1.0180465795242018e11,5.310770645987439
21.079125555718747,40.80913137945645,1.109546802051562,1.0181151735159305e11,5.420686368115051
21.084800834628076,40.63943469421742,1.1049329715665421,1.0181824924920763e11,5.52020978956144
21.093790527458836,40.37243139979312,1.0976735018975834,1.0182867142192053e11,5.659591041178704
21.102780220289596,40.10761625766856,1.0904735252220925,1.0183882387126418e11,5.779909418369885
21.111769913120355,39.844971226723715,1.0833325510256584,1.0184873376992484e11,5.884128449428715
21.120759605951115,39.58447841460234,1.0762500928385628,1.0185842578687717e11,5.974546129022966
21.129749298781874,39.32612007648482,1.0692256682024148,1.0186792230896854e11,6.0529591661389155
21.138738991612634,39.069878613877755,1.0622587986372418,1.0187724364444667e11,6.1208072832710885
21.153195799307202,38.66219841132568,1.0511745081926505,1.0189191216864365e11,6.210714370699945
21.16765260700177,38.259875887060616,1.040235885999473,1.0190624218297372e11,6.280476336432661
21.18210941469634,37.862840182048544,1.029441005493435,1.0192029135554536e11,6.333475717355109
21.196566222390906,37.47102137454826,1.0187879655940255,1.0193410888287344e11,6.372451790549813
21.211023030085475,37.08435046773297,1.0082748903679437,1.0194773666611316e11,6.399603261785018
21.234491188318263,36.467442797598586,0.9915019792713047,1.0196954445409383e11,6.4231416759412046
21.25795934655105,35.863635554773566,0.9750852516251649,1.0199106802716452e11,6.42674810122988
21.28142750478384,35.27264864222602,0.959017091958293,1.0201240268820291e11,6.4154282797806
21.304895663016627,34.69420795244446,0.9432900476466682,1.0203362141193109e11,6.393002061991936
21.328363821249415,34.12804523972383,0.9278968254411047,1.0205477955584874e11,6.362339930570543
21.351831979482203,33.573897994816605,0.912830288059179,1.0207591888381496e11,6.325614832196087
21.37530013771499,33.03150932203965,0.8980834508439275,1.0209707090305016e11,6.284499245324056
21.41127938799935,32.22222736839431,0.8760801350841302,1.0212957572729652e11,6.215743523791264
21.44725863828371,31.439112047361103,0.8547882557738201,1.0216222325947527e11,6.14284702965553
21.48323788856807,30.68131057075935,0.8341846267199389,1.0219505116395598e11,6.067972594384421
21.51921713885243,29.947997947628046,0.8142468174994031,1.0222808195256694e11,5.992497463394061
21.55519638913679,29.238376081889413,0.7949531289257589,1.0226132749154381e11,5.91725406307338
21.59117563942115,28.551672895050395,0.7762825691965849,1.0229479326940901e11,5.842742100148487
21.64901696550053,27.49387363596159,0.747522393582425,1.0234905942986407e11,5.725175324569177
21.70685829157991,26.490412364359443,0.7202395966383752,1.0240389850064021e11,5.610913442892009
21.76469961765929,25.538470538659393,0.6943575459124359,1.0245930597677296e11,5.500218770542786
21.82254094373867,24.635375829333395,0.6698035842668133,1.0251527401271411e11,5.393182087255587
21.88038226981805,23.77859459224957,0.6465088252378893,1.0257179232759875e11,5.289707360378734
21.968498158150652,22.55699765876718,0.6132952055129739,1.0265893194414919e11,5.138472743532971
22.056614046483254,21.429391149261104,0.5826370622420093,1.0274730644404974e11,4.994450149513221
22.144729934815857,20.388453135240653,0.5543353217846833,1.0283689949566946e11,4.8574554642669625
22.23284582314846,19.427432744953745,0.5282064367850393,1.0292769858925136e11,4.727248586952013
22.32096171148106,18.54010319092418,0.5040811090517722,1.0301969149414363e11,4.603600985421617
22.409077599813664,17.72072171485151,0.4818032005125479,1.031128648363012e11,4.486321546954509
22.553484493128686,16.51107581486867,0.4489145137267175,1.0326807460437071e11,4.307295677707591
22.697891386443708,15.448853210882204,0.4200340731615607,1.0342634749749115e11,4.143789041717731
22.84229827975873,14.515735887933351,0.3946638359960128,1.0358760653647665e11,3.994841683212477
22.98670517307375,13.695678252695567,0.37236754357519214,1.0375176502493e11,3.859541173362483
23.131112066388773,12.974609787604638,0.35276263696586835,1.0391872759346613e11,3.736973627229735
23.275518959703795,12.340203338230419,0.33551395699375797,1.0408839317661435e11,3.6261715360758795
23.419925853018817,11.781670099159161,0.320328170178335,1.0426065797534035e11,3.526152912619886
23.56433274633384,11.28956971706581,0.3069486056842254,1.0443541730946138e11,3.4359949013221818
23.70873963964886,10.855639216726619,0.2951506040436819,1.0461256679569939e11,3.354846827000596
23.853146532963883,10.472644094106016,0.2847374685727574,1.0479200361636607e11,3.2818986229678964
23.997553426278905,10.13425002044548,0.2755369771736128,1.0497362795974202e11,3.216368295113355
24.23179855731148,9.666145305036357,0.26280982341045017,1.0527265312582327e11,3.1240180637728514
24.46604368834405,9.28101461389316,0.2523386246300478,1.0557680635267201e11,3.046377669690591
24.700288819376624,8.962887473178219,0.2436891645779831,1.0588574666576662e11,2.981158735764602
24.934533950409197,8.698861812056025,0.23651065285633563,1.0619917004598796e11,2.9264242794392166
25.16877908144177,8.47847354221684,0.23051858461709732,1.0651681494322392e11,2.880095531803601
25.403024212474342,8.293265963289977,0.22548303325965136,1.0683845908690677e11,2.8408859861335776
25.637269343506915,8.136434263483638,0.22121898486904942,1.0716391672657272e11,2.807411203136465
25.871514474539488,8.002508475581708,0.21757771820504915,1.0749303046592827e11,2.7787651438828043
26.10575960557206,7.887084588977658,0.21443949399069218,1.078256697252785e11,2.7540246319798474
26.340004736604634,7.78661108725365,0.21170775114882137,1.0816172828537782e11,2.7325168995482216
26.574249867637207,7.698223215005001,0.20930460073423057,1.0850112176640613e11,2.7136261891662468
26.80849499866978,7.619611708035905,0.20716725687971466,1.0884378407632959e11,2.6968072887601013
27.042740129702352,7.548916110390736,0.205245136225958,1.0918966266220203e11,2.6817726673761944
27.276985260734925,7.484637551144694,0.20349748643677795,1.0953871715693535e11,2.668160969029388
27.511230391767498,7.425568091796317,0.20189146524731694,1.098909179667156e11,2.655723684127939
27.74547552280007,7.370734022510538,0.20040059876320113,1.1024624481724854e11,2.644220129138823
27.979720653832644,7.319350416372595,0.19900354585026087,1.1060468488480629e11,2.6334808254284865
28.213965784865216,7.27078456308748,0.19768310394473843,1.1096623122322083e11,2.623372039050419
28.44821091589779,7.2245264487420595,0.19642540643670633,1.1133088188512762e11,2.613786162839841
28.682456046930362,7.180164920144589,0.19521927460969518,1.1169863932122118e11,2.6046058772438814
28.916701177962935,7.137368470495736,0.19405569522826904,1.120695097470061e11,2.5957577590360925
29.150946308995508,7.095869768481878,0.19292739990434685,1.1244350226936848e11,2.58718786206056
29.38519144002808,7.055453200560744,0.19182852638827472,1.1282062851512543e11,2.578837515768591
29.619436571060653,7.01594483295328,0.1907543456485394,1.1320090226294614e11,2.570663907218699
29.853681702093226,6.977204320116436,0.18970104187374756,1.1358433916354898e11,2.562632107748752
30.0879268331258,6.939118382763828,0.18866553514855433,1.139709564301149e11,2.5547083389423255
30.322171964158372,6.901595552352457,0.18764533856314455,1.1436077255531586e11,2.546874697220404
30.556417095190945,6.864561936667769,0.18663844308503993,1.1475380712880748e11,2.5391102556732235
30.790662226223517,6.827957807952234,0.18564322479478612,1.1515008071303336e11,2.531398452047755
31.02490735725609,6.791734853517841,0.18465837013370964,1.1554961471626431e11,2.523723947386601
31.38219691482066,6.737136040303237,0.18317389995386724,1.1616534594966393e11,2.512070083697687
31.73948647238523,6.683229420704597,0.18170824961132673,1.1678879554767583e11,2.500450734640128
32.0967760299498,6.629933521721641,0.18025920396198045,1.1742004720951918e11,2.488841452245189
32.70462089798625,6.540524251026454,0.1778282830621657,1.1851214918820277e11,2.4690705132933632
33.620692840768626,6.408455598228586,0.1742375094678789,1.2020214407064032e11,2.4391290925975153
34.536764783551,6.279242181005581,0.17072436598710117,1.2194653426260759e11,2.4089016328351356
35.96387969444931,6.083250086939842,0.1653955977960805,1.2477618867515607e11,2.3611885868929976
37.39099460534762,5.893402890074428,0.1602339013070807,1.2774782322535555e11,2.312715116493243
38.81810951624593,5.709491515388524,0.15523359204427742,1.3086766402701709e11,2.263622517918314
40.245224427144244,5.531349129673698,0.15039013403136753,1.3414202111031635e11,2.2140862864902227
41.672339338042555,5.358787174630394,0.14569840061529074,1.3757725594879245e11,2.164288661199291
42.0,5.319933877533283,0.14464203038426543,1.3838935414922012e11,2.1528374187880557
42.0,45.31993387753328,1.2321896105908994,1.3838935414922012e11,2.1528374187880557
42.000066969188026,45.31777245014968,1.2321308442128787,1.3838951091061597e11,2.168707987027075
42.00013393837605,45.31561115514228,1.2320720814339934,1.383896676303755e11,2.1845347056222737
42.00029356566443,45.310460008822325,1.2319320285161044,1.3839004102902167e11,2.2220939811487033
42.000453192952804,45.305309530902385,1.2317919937711361,1.3839041421800018e11,2.259434217518093
42.00061282024118,45.30015977699513,1.2316519787111238,1.3839078718023874e11,2.2965387512031716
42.000870319078736,45.29185415198392,1.2314261596515474,1.3839138832353653e11,2.355886238779375
42.001358380839626,45.27611707704951,1.2309982892074365,1.383925260611598e11,2.4666787543145423
42.002122298758096,45.251499374619875,1.2303289661397465,1.3839430250497983e11,2.6357531335539885
42.002886216676565,45.226898856920805,1.22966011030236,1.3839607367467365e11,2.7996776836066917
42.003650134595034,45.20231551754354,1.2289917215210315,1.383978396168023e11,2.958634937959117
42.0044140525135,45.17774934629977,1.228323799518754,1.3839960037888904e11,3.112805069970511
42.00584527410628,45.131770107709755,1.227073684277046,1.3840288544541766e11,3.389396273962541
42.00727649569905,45.08585101607437,1.2258252043522124,1.384061527807868e11,3.6508132809661955
42.00870771729183,45.03999199316965,1.2245783576174456,1.3840940267472968e11,3.898052078385624
42.0101389388846,44.99419295768277,1.2233331418619569,1.3841263541911835e11,4.132071332673765
42.011570160477376,44.94845382902224,1.2220895548945687,1.3841585129535587e11,4.353747250334413
42.01300138207015,44.90277452767438,1.220847594553409,1.3841905057477173e11,4.563878337479578
42.01534149748525,44.82821537120034,1.2188204287982691,1.384242464815807e11,4.8844640770478005
42.017681612900354,44.75381560130528,1.2167975965553364,1.3842939984952667e11,5.179052088164646
42.020021728315456,44.67957487495201,1.2147790884978795,1.3843451177674838e11,5.450261937793213
42.02236184373056,44.605492849822085,1.212764895318708,1.3843958333150085e11,5.7004071270372
42.02673926499334,44.46733988017256,1.2090086971226905,1.3844896538064105e11,6.118795881989516
42.03111668625612,44.32973880513451,1.205267504217904,1.384582163695968e11,6.482103854537755
42.0354941075189,44.19268740431203,1.2015412562346937,1.3846734258101685e11,6.79959795184691
42.03987152878168,44.05618346625548,1.1978298930466418,1.384763500181533e11,7.078836556181768
42.04424895004446,43.92022478842738,1.1941333547696407,1.3848524441564566e11,7.326014005263108
42.04862637130724,43.78480917715504,1.1904515817606047,1.384940312484991e11,7.546183114699214
42.053003792570024,43.649934447589075,1.1867845146163425,1.3850271574293698e11,7.743451906325585
42.057381213832805,43.51559842366876,1.1831320941726144,1.385113028880159e11,7.921168347897016
42.061758635095586,43.38179893808912,1.1794942615032387,1.3851979744643866e11,8.0820763702293
42.068396025099204,43.17994037147258,1.1740059916115437,1.3853251104459976e11,8.298959128584475
42.07503341510282,42.979302912932425,1.1685509220481898,1.3854503712987784e11,8.488557439269616
42.08167080510644,42.77987912119153,1.1631288504946038,1.3855738962256256e11,8.655525988889977
42.08830819511006,42.581661600318604,1.1577395758651061,1.3856958148998083e11,8.803451144661313
42.09494558511368,42.38464299943983,1.152382898299071,1.3858162481318106e11,8.935160405656156
42.101582975117296,42.188816012480366,1.1470586191538978,1.385935308415589e11,9.052871956576976
42.108220365120914,41.99417337790555,1.1417665409979756,1.3860531004460266e11,9.15831852890082
42.11948783564828,41.66644424282144,1.1328560153023775,1.3862504290423856e11,9.313040975074292
42.130755306175644,41.342072334129185,1.1240367681927457,1.3864448136104675e11,9.441652825768607
42.14202277670301,41.02102299606056,1.1153078574241586,1.386636637349432e11,9.548245223218455
42.15329024723037,40.70326193064624,1.106668350479778,1.3868262392031726e11,9.636053993569453
42.16455771775774,40.388755194014685,1.0981173244702198,1.3870139187657684e11,9.707649052937207
42.1758251882851,40.07746919275102,1.0896538660345572,1.387199940686311e11,9.765125208125117
42.19819847036258,39.46877975523825,1.0731043979129486,1.3875652946753308e11,9.84417090413126
42.22057175244005,38.872402034463875,1.0568896692350156,1.3879265318345282e11,9.885778867636587
42.242945034517525,38.28808496006757,1.0410028537266875,1.388284843044514e11,9.898970854624693
42.265318316595,37.71558258252852,1.0254372643428091,1.3886411555816452e11,9.890617192139675
42.287691598672474,37.15465396904635,1.0101863504362791,1.388996185785557e11,9.865713534416994
42.31006488074995,36.6050631013004,0.9952436949782599,1.38935048426298e11,9.828090609793279
42.33243816282742,36.06657877503805,0.9806030118281145,1.389704474501997e11,9.780927891440706
42.3548114449049,35.53897450175776,0.9662581430602979,1.3900584821435492e11,9.726785835530954
42.37718472698237,35.02202841255564,0.9522030563500719,1.3904127558157977e11,9.66755404638912
42.41315956685055,34.212612066685594,0.9301960866418051,1.3909834151530136e11,9.565096133354459
42.449134406718734,33.42931197615611,0.9088991836910306,1.391555768531949e11,9.45724000462537
42.485109246586916,32.67127713909869,0.8882892098721775,1.39213015487683e11,9.346769792793072
42.5210840864551,31.937684288753232,0.8683437816409253,1.3927067765624924e11,9.235629865482204
42.55705892632328,31.227736993619235,0.8490412450684947,1.3932857396209293e11,9.125078836980949
42.59303376619146,30.540664782604175,0.8303606520555784,1.3938670897038278e11,9.01578503486407
42.65457938987389,29.416141739878128,0.7997863442054955,1.3948672183225113e11,8.832694546624056
42.716125013556315,28.35283080405053,0.7708763133238317,1.3958743177416483e11,8.655234473770594
42.77767063723874,27.347359438210756,0.7435388645516791,1.3968883111397906e11,8.483731457971212
42.83921626092117,26.39654093237739,0.71768735542081,1.3979090951996768e11,8.318425861430201
42.9007618846036,25.497364256501168,0.6932399199701241,1.3989365410796753e11,8.159241871738438
42.962307508286024,24.646984378566113,0.6701192055075071,1.3999705305024927e11,8.005714037134812
43.02385313196845,23.842713057772784,0.6482521222885477,1.4010109813302573e11,7.857471967172842
43.08539875565088,23.08201017669493,0.6275696078492368,1.4020578351982236e11,7.714489296536973
43.146944379333306,22.362475596485048,0.6080064055596804,1.403111034453229e11,7.576768572059774
43.20849000301573,21.681841464140604,0.5895008554687494,1.404170517385114e11,7.4440992067374765
43.30651790343409,20.672817240413114,0.5620668091466317,1.4058708671657986e11,7.242751705343762
43.40454580385245,19.749032653152486,0.5369503168339447,1.4075868041927463e11,7.053240866702916
43.50257370427081,18.903132118936654,0.5139513898568965,1.409318103916262e11,6.875105430474861
43.60060160468917,18.128394812307597,0.4928872977788906,1.4110645253237772e11,6.707889278581605
43.75958653913887,17.007624554336164,0.4624150232282807,1.4139284187741962e11,6.458818930649308
43.91857147358858,16.034724472219906,0.4359631449760714,1.4168302220003824e11,6.235332810293094
44.077556408038284,15.189596343178138,0.41298521868347304,1.4197686404160315e11,6.035388879251955
44.23654134248799,14.45488360234292,0.3930093420974149,1.4227423072760193e11,5.8569891536195575
44.395526276937694,13.815571030407416,0.3756272710823115,1.4257498193484882e11,5.698194692584549
44.5545112113874,13.258673728861968,0.3604859632643276,1.4287897704942642e11,5.557138009825251
44.713496145837105,12.772974624458445,0.34728044112176304,1.43186078003634e11,5.432037258358616
44.990358594960675,12.068872366692453,0.32813682345547723,1.4372789737728763e11,5.247316503563651
45.267221044084245,11.509745925766385,0.31293490825900994,1.4427808190849695e11,5.098109264470746
45.544083493207815,11.063324917303625,0.3007973060713329,1.4483603963465527e11,4.9782580772978235
45.820945942331385,10.704538675961972,0.2910423783567692,1.4540126612785367e11,4.881029530605823
46.013463912190616,10.496006132406698,0.2853726517783224,1.4579836267013586e11,4.824581919944309
46.15038944801674,10.36458379530661,0.28179945066086487,1.460827408628157e11,4.789486502095789
46.28731498384286,10.24534764295005,0.2785575759366517,1.463686934973177e11,4.757635297694907
46.424240519668984,10.136880132191122,0.27560848646522895,1.4665618543140485e11,4.72889328964137
46.56116605549511,10.037914956558708,0.2729177530331351,1.469451866297103e11,4.702924520435406
46.69809159132123,9.947328190112925,0.2704548175669637,1.4723567036136142e11,4.679340907204349
46.83501712714735,9.864134433957073,0.2681928883620738,1.4752761201392532e11,4.657980794005051
46.971942662973476,9.787471059657326,0.26610851168181965,1.478209896763598e11,4.638599884708747
47.1088681987996,9.716577220416761,0.26418100109887876,1.4811578479572574e11,4.6208767817599865
47.24579373462572,9.650778846114804,0.26239202953003815,1.4841198161387933e11,4.604646582937734
47.382719270451844,9.589480526542024,0.26072540855198545,1.487095662335446e11,4.589819293867892
47.51964480627797,9.53215862322306,0.259166901120801,1.4900852643452097e11,4.5762150310691485
47.65657034210409,9.478352641372963,0.2577039869867581,1.4930885196521136e11,4.563647517723038
47.79349587793021,9.427656432560704,0.2563256235062725,1.496105344938898e11,4.552012703908485
47.930421413756335,9.379711279413431,0.2550220576240737,1.4991356718465378e11,4.54123408893566
48.06734694958246,9.334200764548825,0.2537846863661997,1.5021794440920126e11,4.5312063730539
48.20427248540858,9.290846206929828,0.25260593276046295,1.5052366174297626e11,4.521827328455459
48.3411980212347,9.249402120250528,0.2514791223559143,1.5083071596370355e11,4.51302413307721
48.478123557060826,9.209652017484032,0.2503983691539976,1.511391048945434e11,4.504739371619406
48.61504909288695,9.171404903629696,0.24935848025094334,1.5144882722645715e11,4.496912670079281
48.83089425423937,9.113763562263047,0.24779128771786424,1.5193977058554047e11,4.485368353948583
49.04673941559179,9.058880425358177,0.24629908714948823,1.524340279723418e11,4.474637898994327
49.26258457694421,9.006295987443881,0.24486938519423276,1.5293160505474524e11,4.464575498541576
49.478429738296626,8.955633591522359,0.2434919410419347,1.5343251087306958e11,4.45505843035678
49.91700220312964,8.85736197589789,0.24082006459755,1.544605976393607e11,4.436978433698842
50.35557466796266,8.763814315564769,0.23827662630681806,1.5550260573897968e11,4.420057268187494
50.79414713279567,8.67372887527965,0.2358273212419698,1.5655869586094064e11,4.40384666521305
51.23271959762869,8.586250856321756,0.23344890854599662,1.5762905095989447e11,4.388030901710016
51.6712920624617,8.500775925069654,0.23112495717970782,1.587138700869204e11,4.372381997376767
52.10986452729472,8.416886313291766,0.22884410857236992,1.5981336524795825e11,4.356738533656862
52.88263945180152,8.27210381234322,0.22490766210829852,1.6178709552718777e11,4.328855731964291
53.65541437630833,8.130526492474557,0.22105836031741588,1.638083612667539e11,4.300257181026741
54.428189300815134,7.99178772102756,0.21728623493821533,1.6587849597293402e11,4.270816497178023
55.20096422532194,7.8556574080974775,0.21358503012771826,1.6799886984231943e11,4.240384922943739
55.973739149828745,7.7219489969745325,0.20994967365346742,1.7017087930504626e11,4.208922207431132
56.74651407433555,7.590539469168419,0.20637682080392658,1.723959416956908e11,4.176432910613482
57.93552574137863,7.392698136245434,0.20099777423179538,1.7592639882188702e11,4.124478359601042
59.124537408421716,7.200015861076194,0.19575899567906999,1.7959113071704727e11,4.070272391188937
60.3135490754648,7.012376051444263,0.19065731515617898,1.8339547799223904e11,4.013992278634761
61.50256074250788,6.829638052645125,0.18568890844603383,1.8734482409628952e11,3.9558388443620998
62.691572409550965,6.651657979453307,0.18084986349791482,1.914445892044854e11,3.8960287984362187
63.0,6.606250407871892,0.17961529113300412,1.9253330148837964e11,3.8802720423865456
63.0,46.60625040787189,1.2671628713396381,1.9253330148837964e11,3.8802720423865456
63.00007380689583,46.603866199922706,1.267098047849992,1.925335518308221e11,3.9085726443275175
63.000147613791654,46.601482152763,1.267033228732001,1.925338021191575e11,3.9367862956535102
63.000321730680355,46.595858574589585,1.266880331011136,1.9253439237068713e11,4.003024005718747
63.000495847569056,46.590235791659744,1.2667274549119016,1.9253498235539847e11,4.068836507534064
63.00066996445776,46.58461387013043,1.2665746022330189,1.925355720516146e11,4.13419161878473
63.0009532241852,46.57546982101933,1.2663259875209172,1.9253653075704855e11,4.239517322413128
63.00149918462558,46.557852063672286,1.2658469837866309,1.9253837637042026e11,4.439093240747279
63.002045145065956,46.54024308107916,1.2653682186264046,1.9254021908116672e11,4.634231276899813
63.00259110550633,46.52264287705371,1.264889692143929,1.9254205890603015e11,4.8250391450988515
63.00355101912305,46.491719284725875,1.2640489201937433,1.9254528676814996e11,5.150368981413063
63.00451093273977,46.46082280481891,1.26320888539475,1.925485058645493e11,5.463210282784652
63.00547084635649,46.429953414671445,1.262369587130817,1.925517162963074e11,5.764126641636907
63.006430759973206,46.399111089829034,1.261531024737059,1.9255491816502914e11,6.0536711458783925
63.00821974494004,46.34170258385587,1.2599701626931992,1.9256086294664023e11,6.564662905308913
63.01000872990688,46.284387844749084,1.2584118500475552,1.9256677892756146e11,7.0409831038454
63.011797714873715,46.2271667178226,1.2568560825944153,1.925726666928895e11,7.485441984992941
63.01358669984055,46.17003904902512,1.2553028561453268,1.9257852680840576e11,7.9005820795557025
63.01537568480739,46.11300468460205,1.2537521665199036,1.9258435982567365e11,8.288720539951566
63.017164669774225,46.056063471010184,1.252204009543507,1.9259016628446176e11,8.651977490173044
63.01991505005608,45.968703552513226,1.2498288078442965,1.9259904252660883e11,9.1663049007982
63.02266543033793,45.88156288600092,1.2474595673192201,1.926078591179103e11,9.63270780492669
63.02541581061978,45.79464091676835,1.2450962728865782,1.92616617880274e11,10.056755073944373
63.028166190901636,45.70793709159255,1.2427389095049632,1.9262532057942236e11,10.443267709122873
63.03306173901105,45.55414633227791,1.2385575403011937,1.9264067758825824e11,11.05131448257151
63.03795728712047,45.40104185587774,1.2343948302304988,1.92655871670691e11,11.573522027274302
63.04285283522989,45.248620575427395,1.2302506953623544,1.9267091164447632e11,12.025509434586802
63.047748383339304,45.09687941776952,1.22612505214164,1.926858058855936e11,12.41974630010667
63.05264393144872,44.945815323540614,1.2220178173882712,1.9270056234828793e11,12.766248956293566
63.05753947955814,44.795425247154405,1.2179289082967484,1.9271518858267017e11,13.073019582623386
63.062435027667554,44.645706156745995,1.2138582424346382,1.9272969175378003e11,13.346425784932121
63.06733057577697,44.49665503409799,1.2098057377405653,1.9274407866118173e11,13.591551900975851
63.07222612388639,44.34826887457019,1.2057713125222997,1.927583557575431e11,13.812490377281382
63.077121671995805,44.20054468703735,1.2017548854550666,1.9277252916584995e11,14.012560230028374
63.08201722010522,44.053479493830515,1.1977563755799487,1.9278660469561957e11,14.194467585389207
63.08691276821464,43.90707033067796,1.1937757023022828,1.9280058785840744e11,14.360429297777015
63.091808316324055,43.76131424664504,1.1898127853900229,1.9281448388265384e11,14.512272424200493
63.10028651704723,43.510427391655185,1.1829915005887761,1.9283835761227383e11,14.746212483176011
63.108764717770406,43.26147527963411,1.1762228189133799,1.9286200873756e11,14.948542495878533
63.11724291849358,43.014442863858655,1.16950633126315,1.928854591156121e11,15.123890024807006
63.125721119216756,42.76931521464494,1.162841631719547,1.929087286828328e11,15.27587910198031
63.13419931993993,42.526077518352466,1.156228317519099,1.9293183563790488e11,15.407495233329849
63.142677520663106,42.284715076532336,1.149665989030243,1.9295479657874426e11,15.521187866489973
63.1561679194928,41.904492354154456,1.1393282314887019,1.92991067578724e11,15.669956066560884
63.18120944885533,41.210995594850075,1.1204729634271364,1.930576960658348e11,15.86088700838027
63.196056518686945,40.80724414502105,1.1094954906204744,1.930968628016301e11,15.9309974172016
63.21090358851856,40.408925201258185,1.0986657205344803,1.9313583755671628e11,15.975540878090769
63.22575065835018,40.01596499151776,1.087981647403963,1.931746602502046e11,15.999044403187385
63.2405977281818,39.62829074665155,1.077441292731146,1.93213364541781e11,16.0050294204121
63.255444798013414,39.245830687215914,1.0670427049270232,1.9325197869465363e11,15.996268725118282
63.27029186784503,38.86851400915408,1.0567839589220795,1.9329052649654358e11,15.97511402854893
63.28513893767665,38.4962708699278,1.0466631557892279,1.933290280161107e11,15.943632027161009
63.310447105072335,37.8732483287006,1.0297239893610821,1.933945979135311e11,15.871097417527775
63.33575527246802,37.26443284237651,1.0131710941374799,1.9346014837162198e11,15.780638957929499
63.361063439863706,36.66949715529439,0.9969955724658615,1.9352572783633334e11,15.677414806588189
63.38637160725939,36.088121549360054,0.9811887316302352,1.9359137196281573e11,15.565241881790124
63.41167977465508,35.519993663192025,0.9657420789339866,1.9365710706002042e11,15.44700886953314
63.43698794205076,34.96480832853801,0.9506473172522569,1.9372295217498563e11,15.324904818691026
63.47703121130625,34.11209360638083,0.9274631214350416,1.9382739096039423e11,15.127683510894759
63.51707448056173,33.289889437246515,0.9051084675705958,1.9393217140441928e11,14.929074042535891
63.557117749817216,32.4970914278722,0.883553328653404,1.94037309055481e11,14.73157459024102
63.5971610190727,31.732635145228738,0.8627687641443376,1.941428108484755e11,14.536636252692245
63.637204288328185,30.995494619027877,0.8427268792557878,1.9424867913599664e11,14.34515281171292
63.67724755758367,30.28468099925293,0.8234007884516837,1.9435491313557056e11,14.157661543045904
63.74168978108509,29.1936391482445,0.7937367903274741,1.9452663784704373e11,13.86493924955904
63.806132004586516,28.164536901148594,0.7657568488621151,1.9469928610429086e11,13.583363700809393
63.87057422808794,27.19380707413381,0.7393639770020068,1.9487284059748602e11,13.312483239420724
63.93501645158936,26.278087780118444,0.7144667694431333,1.9504728715998904e11,13.0518555785138
63.999458675090786,25.414210135812343,0.6909790684016406,1.9522261447537564e11,12.80121029181915
64.10453135207203,24.109148580147988,0.6554961549795537,1.955103471422236e11,12.413209915086021
64.20960402905328,22.922039374508888,0.6232202113787082,1.9580035595017926e11,12.049709586293995
64.31467670603453,21.842016679458034,0.5938558096644381,1.9609260715355667e11,11.70945301099658
64.41974938301578,20.859214763797603,0.5671347135344644,1.963870678090936e11,11.391298626381175
64.52482205999704,19.964671407893775,0.5428132519818862,1.966837037350548e11,11.094246435506705
64.68810087734407,18.730790986053066,0.5092656603059561,1.971488953599981e11,10.672202784989059
64.8513796946911,17.663515495552268,0.4802478383782563,1.9761910771332358e11,10.295090586571554
65.01465851203814,16.739653954032587,0.4551292537801138,1.9809418560106506e11,9.959233398392234
65.17793732938517,15.939238325419552,0.4333670017786719,1.9857396498310535e11,9.660981371483906
65.34121614673221,15.245051908993565,0.41449298284376196,1.9905827735254382e11,9.396781037521201
65.50449496407924,14.642267893565885,0.39810407540962167,1.9954695457933865e11,9.16324912506002
65.66777378142628,14.118134717734877,0.3838535812325959,2.0003983267040045e11,8.95719128638688
65.83105259877331,13.661688880634566,0.37144341709175,2.005367541268644e11,8.775634626552188
66.08714672772552,13.059894100641145,0.3550814056726793,2.0132393798361453e11,8.533886742288198
66.34324085667774,12.571607638000154,0.3418055366503576,2.0212017294334735e11,8.336483119491419
66.59933498562995,12.173203603528883,0.33097345305951287,2.0292499663714832e11,8.175030402744296
66.85542911458217,11.84594784893522,0.322075797959087,2.037380134187256e11,8.043633778220682
67.11152324353438,11.57488088963811,0.31470584256764844,2.0455888972856616e11,7.936108934488447
67.36761737248659,11.34816256446676,0.30854166841943337,2.0538734948791003e11,7.847827858599412
67.6237115014388,11.15652995344847,0.30333142885939285,2.0622316854074017e11,7.775651969952739
67.87980563039102,10.99272418701547,0.2988777647366903,2.0706617031151755e11,7.715756199648203
68.13589975934323,10.850991548828823,0.29502424004428557,2.0791621830106525e11,7.665860013115061
68.39199388829545,10.726750153259145,0.2916462793164531,2.0877320899573172e11,7.624421332231523
68.64808801724766,10.616377090597828,0.28864538038602033,2.0963706735713358e11,7.5893503043849115
68.90418214619987,10.517028776239533,0.28594422991407104,2.1050774213919553e11,7.559221441725812
69.16027627515209,10.42646785268272,0.2834819970821838,2.1138520111827173e11,7.533394044852567
69.4163704041043,10.342920336504095,0.2812104496058753,2.12269428467947e11,7.510950979253552
69.67246453305651,10.26497709292667,0.27909127495722325,2.1316042291296155e11,7.490932936346222
69.92855866200873,10.191525019747319,0.2770942093460391,2.140581945105626e11,7.4729178868263535
70.18465279096094,10.121688621457698,0.2751954491967835,2.149627616679861e11,7.456657709309408
70.44074691991315,10.054777405469638,0.27337622092087105,2.1587415032127676e11,7.441682843528181
70.69684104886537,9.990243928564988,0.27162164025462177,2.1679239369218088e11,7.42758580093388
70.95293517781758,9.927653951616982,0.2699199008052469,2.1771753073693143e11,7.4142248794062855
71.20902930676979,9.866664394893357,0.2682616746844306,2.1864960438114395e11,7.401504017159281
71.465123435722,9.80700477170138,0.26663960771346873,2.1958866107237225e11,7.389208866449332
71.72121756467422,9.748461242425826,0.2650478858734591,2.2053475088322934e11,7.377159794134387
71.97731169362643,9.690864124756182,0.2634818957247466,2.2148792691021408e11,7.365302527409362
72.23340582257865,9.634078755896512,0.2619379759623848,2.2244824438710492e11,7.353601356611983
72.48949995153086,9.577998508537263,0.26041322752956125,2.234157604025453e11,7.34195974329573
72.74559408048307,9.522538977707088,0.2589053555657174,2.2439053395949545e11,7.330296708626436
73.00168820943529,9.467633145192506,0.25741253793345586,2.2537262573092285e11,7.318590369549944
73.2577823383875,9.413227621237498,0.25593332303527727,2.263620976480169e11,7.306826859383365
73.51387646733971,9.359279830856272,0.25446655331311235,2.2735901274906354e11,7.294962355140032
73.90668076217531,9.277346431738861,0.2522388915644062,2.289027198240196e11,7.276498046107515
74.29948505701091,9.196317807321893,0.2500358294541026,2.3046432489471533e11,7.257671180658811
74.69228935184651,9.116128296829501,0.2478555817517537,2.3204406818552222e11,7.2384384473841195
75.08509364668211,9.036730316360075,0.24569685471343322,2.3364219373175476e11,7.218763754980461
76.03963995735762,8.846869086973523,0.24053477669857323,2.3760390631622748e11,7.168966077735717
76.99418626803313,8.661143038592947,0.23548512883613232,2.4167925004351718e11,7.116229424301604
77.94873257870864,8.47940314471022,0.23054385929065307,2.4587191973936316e11,7.060533670288239
78.90327888938415,8.301531798681836,0.2257077704916214,2.5018566925188068e11,7.001925391601354
79.85782520005966,8.127408830698723,0.22097359517941062,2.546242993140025e11,6.940493993030609
81.43190922537103,7.848208804952627,0.2133825123695657,2.6222675943804276e11,6.833370305375537
83.0059932506824,7.578581760021001,0.20605170636272432,2.701967376670976e11,6.719610998910122
84.0,7.413106273073614,0.2015526447273957,2.754269633355764e11,6.644715696369172
