parameter,base_value,dlbcl_final_value,dlbcl_min_value,dlbcl_max_value,n_distinct_values_including_base,n_dlbcl_variants_touching_parameter,distinct_values_including_base,dlbcl_variant_ids_touching_parameter,in_xlsx_sheet,has_cyno_bounds,preferred_xlsx_value,xlsx_lb,xlsx_ub
Bpbo_perml,1000000.0,250000.0,250000.0,1000000.0,3,3,250000; 500000; 1000000,5; 20; 25,False,False,,,
Bpbref_perml,1000000.0,250000.0,250000.0,1000000.0,3,3,250000; 500000; 1000000,5; 20; 25,True,False,500000.0,,
Cl_tdb,3.0,5.4,1.5,5.4,3,2,1.5; 3; 5.4,20; 27,True,False,5.4,,
IL6_tiss_contribution,0.02,0.0004,0.0004,0.02,3,2,0.0004; 0.003; 0.02,24; 28,True,False,0.0004,,
KBp,1.0,333.0,1.0,900.0,3,2,1; 333; 900,5; 20,True,False,333.0,,
KBp2,1.0,190.0,1.0,600.0,3,2,1; 190; 600,5; 20,True,False,190.0,,
KBp3,600.0,80.0,60.0,600.0,3,2,60; 80; 600,14; 20,True,False,80.0,,
KTrp,1.0,200.0,1.0,500.0,3,2,1; 200; 500,5; 20,True,False,200.0,,
KTrp2,0.02,190.0,0.02,500.0,3,2,0.02; 190; 500,5; 20,True,False,190.0,,
KTrp3,500.0,60.0,50.0,500.0,3,2,50; 60; 500,14; 20,True,False,60.0,,
Vpb,40.0,5000.0,40.0,5000.0,3,2,40; 380; 5000,5; 20,True,False,5000.0,,
Vtissue,40.0,210.0,7.0,210.0,3,2,7; 40; 210,5; 20,True,False,210.0,,
Vtissue2,1.0,400.0,1.0,400.0,3,2,1; 25; 400,5; 20,True,False,400.0,,
Vtissue3,1.0,500.0,1.0,500.0,3,2,1; 50; 500,14; 20,True,False,500.0,,
fTap,1.0,3.773,1.0,3.773,3,2,1; 2.4; 3.773,5; 24,True,True,3.773,1.2576666666666667,10.0
Trpbo_perml,2000000.0,500000.0,500000.0,2000000.0,2,3,500000; 2000000,5; 20; 25,False,False,,,
Trpbref_perml,2000000.0,500000.0,500000.0,2000000.0,2,3,500000; 2000000,5; 20; 25,True,False,500000.0,,
Cld_tdb,25.0,24.17,24.17,25.0,2,1,24.17; 25,27,True,False,24.17,,
KBptumor,1.0,1600.0,1.0,1600.0,2,1,1; 1600,28,True,False,6500.0,,
KTrptumor,1.0,100.0,1.0,100.0,2,1,1; 100,28,True,False,125.0,,
KdrugB,10.0,1.302,1.302,10.0,2,1,1.302; 10,24,True,True,1.302,0.5,3.906
KdrugactT,50.0,130.083,50.0,130.083,2,1,50; 130.083,24,True,True,130.083,100.0,300.0
KmBT_act,0.1,0.716,0.1,0.716,2,1,0.1; 0.716,24,True,True,0.716,0.4,1.0
Km_tdb,4.74,5.72,4.74,5.72,2,1,4.74; 5.72,27,False,False,,,
Kptumor,1.0,0.05,0.05,1.0,2,1,0.05; 1,28,True,False,0.05,,
S,1.0,1.4,1.0,1.4,2,1,1; 1.4,24,True,True,1.4,1.3,1.5
Vc_tdb,35.0,36.78,35.0,36.78,2,1,35; 36.78,27,True,False,36.78,,
Vm_tdb,212.0,0.0,0.0,212.0,2,1,0; 212,27,False,False,,,
Vp_tdb,110.0,173.47,110.0,173.47,2,1,110; 173.47,27,True,False,173.47,,
Vtumor,1.0,100.0,1.0,100.0,2,1,1; 100,28,True,False,49.6,,
fAICD,1.0,1.497,1.0,1.497,2,1,1; 1.497,24,True,True,1.497,1.0,4.5
fBexit,1.0,0.333,0.333,1.0,2,1,0.333; 1,24,False,False,,,
fBkill,1.0,0.1,0.1,1.0,2,1,0.1; 1,24,True,True,0.1,0.005,0.4
fKmTB_kill,1.0,10.0,1.0,10.0,2,1,1; 10,24,True,True,10.0,8.0,12.0
fTa0apop,1.0,2.019,1.0,2.019,2,1,1; 2.019,24,True,True,2.019,0.673,5.0
fTa0deact,1.0,0.001,0.001,1.0,2,1,0.001; 1,24,True,True,0.001,0.001,0.1
fTact,1.0,0.25,0.25,1.0,2,1,0.25; 1,24,True,True,0.25,0.1,0.4
fTadeact,0.0,0.005,0.0,0.005,2,1,0; 0.005,24,True,True,0.005,0.0016666666666666668,0.1
fTaprolif,2.0,2.106,2.0,2.106,2,1,2; 2.106,24,True,True,2.106,0.702,6.318
fTrapop,0.1,0.2,0.1,0.2,2,1,0.1; 0.2,24,True,True,0.2,0.06666666666666667,1.0
fa0,0.5,0.002,0.002,0.5,2,1,0.002; 0.5,24,True,True,0.002,0.001,0.01
fapop_v24,0.0,1.0,0.0,1.0,2,1,0; 1,24,False,False,,,
fbio_TDB,0.6,0.0,0.0,0.6,2,1,0; 0.6,27,False,False,,,
fdrug,1.0,6.3839,1.0,6.3839,2,1,1; 6.3839,24,True,False,6.3839,,
finj,0.1,1.0,0.1,1.0,2,1,0.1; 1,24,True,False,1.0,,
kBapop,0.03,0.02,0.02,0.03,2,1,0.02; 0.03,24,True,True,0.02,0.01,0.04
kBkill,1.0,275.189,1.0,275.189,2,1,1; 275.189,24,True,True,275.189,225.0,500.0
kBprolif,0.7,0.05,0.05,0.7,2,1,0.05; 0.7,24,True,True,0.05,0.01,0.06
kBtiss3exit,0.03,0.041,0.03,0.041,2,1,0.03; 0.041,14,False,False,,,
kTaapop,0.5,0.061,0.061,0.5,2,1,0.061; 0.5,24,True,True,0.061,0.02033333333333333,0.183
kTact,1.0,9.828,1.0,9.828,2,1,1; 9.828,24,True,True,9.828,5.0,10.0
kTaexit,1.0,0.123,0.123,1.0,2,1,0.123; 1,24,True,True,0.123,0.1,0.369
kTrexit,1.0,0.045,0.045,1.0,2,1,0.045; 1,24,True,True,0.045,0.01,0.09
kabs_TDB,1.4,0.0,0.0,1.4,2,1,0; 1.4,27,False,False,,,
ndrugactT,1.0,0.8,0.8,1.0,2,1,0.8; 1,24,True,True,0.8,0.7,0.9
nkill,2.0,1.027,1.027,2.0,2,1,1.027; 2,24,True,True,1.027,0.9,1.1
tissue2on,0.0,1.0,0.0,1.0,2,1,0; 1,5,False,False,,,
tissue3on,0.0,1.0,0.0,1.0,2,1,0; 1,14,False,False,,,
tumor_on,0.0,1.0,0.0,1.0,2,1,0; 1,28,True,False,1.0,,
fBtissue3_v1,1.0,1.0,1.0,1.0,1,1,1,14,False,False,,,
fTgenbl,0.0,0.0,0.0,0.0,1,1,0,9,False,False,,,
kBmat_kBapop_ratio,0.25,0.25,0.25,0.25,1,1,0.25,14,True,False,0.25,,
kBtumorprolif,0.025,0.025,0.025,0.025,1,1,0.025,28,True,False,0.025,,
kTgen,1.0,1.0,1.0,1.0,1,1,1,9,False,False,,,
tissue1on,1.0,1.0,1.0,1.0,1,1,1,5,False,False,,,
B19no20_B1920_ratio,0.25,0.25,0.25,0.25,1,0,0.25,,True,False,0.25,,
BAFFo,1.0,1.0,1.0,1.0,1,0,1,,False,False,,,
BW,3.4,3.4,3.4,3.4,1,0,3.4,,False,False,,,
Bcell_tumor_trafficking_on,1.0,1.0,1.0,1.0,1,0,1,,False,False,,,
Cl_blin,22300.0,22300.0,22300.0,22300.0,1,0,22300,,True,False,22300.0,,
Cl_rtx,8.0,8.0,8.0,8.0,1,0,8,,False,False,,,
Cld_rtx,23.0,23.0,23.0,23.0,1,0,23,,False,False,,,
KdrugB_blin,0.015,0.015,0.015,0.015,1,0,0.015,,True,False,0.15,,
KdrugactT_blin,0.1,0.1,0.1,0.1,1,0,0.1,,True,False,0.1,,
KmBT_act_blin,0.716,0.716,0.716,0.716,1,0,0.716,,True,False,0.716,,
KmTB_kill,0.75,0.75,0.75,0.75,1,0,0.75,,True,True,0.75,0.6,0.9
KmTB_kill_blin,0.75,0.75,0.75,0.75,1,0,0.75,,True,False,0.75,,
Km_rtx,1.0,1.0,1.0,1.0,1,0,1,,False,False,,,
Kmkill_rtx,25.0,25.0,25.0,25.0,1,0,25,,False,False,,,
Kp,0.14,0.14,0.14,0.14,1,0,0.14,,True,False,0.14,,
Kp2,0.07,0.07,0.07,0.07,1,0,0.07,,True,False,0.07,,
Kp3,0.07,0.07,0.07,0.07,1,0,0.07,,True,False,0.07,,
PKflag,1.0,1.0,1.0,1.0,1,0,1,,False,False,,,
VPid,1.0,1.0,1.0,1.0,1,0,1,,False,False,,,
Vc_rtx,28.0,28.0,28.0,28.0,1,0,28,,False,False,,,
VmB,0.95,0.95,0.95,0.95,1,0,0.95,,True,False,0.95,,
VmT,0.9,0.9,0.9,0.9,1,0,0.9,,True,False,0.9,,
Vm_rtx,0.0,0.0,0.0,0.0,1,0,0,,False,False,,,
Vp_rtx,9.0,9.0,9.0,9.0,1,0,9,,False,False,,,
Vz_blin,1610.0,1610.0,1610.0,1610.0,1,0,1610,,True,False,1610.0,,
act0on,1.0,1.0,1.0,1.0,1,0,1,,False,False,,,
depleteBpb,0.0,0.0,0.0,0.0,1,0,0,,False,False,,,
depleteTpb,0.0,0.0,0.0,0.0,1,0,0,,False,False,,,
end_time,1.0,1.0,1.0,1.0,1,0,1,,False,False,,,
fBAFFo,0.1,0.1,0.1,0.1,1,0,0.1,,False,False,,,
fBprolif,0.0,0.0,0.0,0.0,1,0,0,,False,False,,,
fvalidation,0.0,0.0,0.0,0.0,1,0,0,,False,False,,,
kBAFFprod,1.0,1.0,1.0,1.0,1,0,1,,False,False,,,
kBapop_cll,1.0,1.0,1.0,1.0,1,0,1,,False,False,,,
kBgen_cll,1.0,1.0,1.0,1.0,1,0,1,,False,False,,,
kIL6prod,1.0,1.0,1.0,1.0,1,0,1,,True,False,14.0,,
kTprolif,0.7,0.7,0.7,0.7,1,0,0.7,,True,False,0.7,,
ndrugactT_blin,1.0,1.0,1.0,1.0,1,0,1,,True,False,1.0,,
nkill_blin,1.027,1.027,1.027,1.027,1,0,1.027,,True,False,1.027,,
thBAFF,30.0,30.0,30.0,30.0,1,0,30,,False,False,,,
thalfIL6,20.0,20.0,20.0,20.0,1,0,20,,True,False,20.0,,
tinjhalf,1.0,1.0,1.0,1.0,1,0,1,,False,False,,,
