idx	name	reaction	reaction_rate	reversible	active	kinetic_law_class	kinetic_law_param_names_json	kinetic_law_param_values_json	tag
1	Btiss_prolf	Btiss -> 2 Btiss	kBprolif*KBp*Bpbref_perml*Vtissue*(max(0, 1 - Btiss/(KBp*Bpbref_perml*Vtissue)))^1	0	1	SimBiology.KineticLaw	[]	[]	
2	Ttiss_activn	restTtiss + drugTtissact + BlinTtissact <-> actTtiss + drugTtissact + BlinTtissact	kTact*((drugTtissact+BlinTtissact)*restTtiss-fTadeact*actTtiss)	1	1	SimBiology.KineticLaw	[]	[]	
3	Btiss_apop	Btiss -> null	0*fBprolif*kBprolif*Btiss*kBapop_cll	0	1	SimBiology.KineticLaw	[]	[]	
4	`	TDBc_ugperkg <-> null	(Cl_tdb+Vm_tdb/(Km_tdb+TDBc_ugperkg/Vc_tdb)/BW)/Vc_tdb*TDBc_ugperkg	1	1	SimBiology.KineticLaw	[]	[]	
5	TDBdistr	TDBc_ugperkg <-> TDBp_ugperkg	Cld_tdb*(TDBc_ugperkg/Vc_tdb-TDBp_ugperkg/Vp_tdb)	1	1	SimBiology.KineticLaw	[]	[]	
6	UnnamedReaction_6	restTtiss + Btiss + drugTtissact + TDBt_ugperml -> restTtiss + Btiss + drugTtissact + TDBt_ugperml + restTtiss	0	0	1		[]	[]	
7	UnnamedReaction_7	actTtiss + Btiss + drugBtisskill + TDBt_ugperml -> actTtiss + Btiss + drugBtisskill + TDBt_ugperml	0	0	1		[]	[]	
8	restTtraffic	restTpb + injection_effect + drug_effect <-> restTtiss + injection_effect + drug_effect	tissue1on*kTrexit*Vpb*((1+finj*injection_effect+fdrug*drug_effect)*restTpb/Vpb*KTrp-restTtiss/Vtissue)	1	1	SimBiology.KineticLaw	[]	[]	
9	Tgen	totTpb_perml -> restTpb + totTpb_perml	kTgen*Vpb*Trpbref_perml*(fTgenbl+max(0,1-totTpb_perml/Trpbref_perml)^2)	0	1	SimBiology.KineticLaw	[]	[]	
10	Btraffic	Bpb -> Btiss	tissue1on*fBexit*kTaexit*Vpb*max(0, Bpb/Vpb*KBp-Btiss/Vtissue)	0	1	SimBiology.KineticLaw	[]	[]	
11	Tpb_activn	restTpb + drugTpbact + BlinTpbact <-> actTpb + drugTpbact + BlinTpbact	kTact*((drugTpbact+BlinTpbact)*restTpb-fTadeact*actTpb)	1	1	SimBiology.KineticLaw	[]	[]	
12	Bpb_prolif	Bpb -> 2 Bpb	tissue3on*fBtissue3_v1*kBapop*Bpb*kBapop_cll	0	1		[]	[]	
13	Bpb_apop	Bpb -> null	kBapop*Bpb*kBapop_cll	0	1		[]	[]	
14	UnnamedReaction_14	TDBc_ugperml + drugTpbact + Bpb -> TDBc_ugperml + drugTpbact + Bpb	0	0	1		[]	[]	
15	UnnamedReaction_15	TDBc_ugperml + actTpb + drugBpbkill + Bpb -> TDBc_ugperml + actTpb + drugBpbkill + Bpb	0	0	1		[]	[]	
16	Bpb_kill	actTpb + drugBpbkill + Bpb + RTXc_ugperml + BlinBpbkill -> actTpb + drugBpbkill + RTXc_ugperml + BlinBpbkill	kBkill*(drugBpbkill + BlinBpbkill + RTXc_ugperml/(Kmkill_rtx/1000+RTXc_ugperml))*Bpb	0	1	SimBiology.KineticLaw	[]	[]	
17	Btiss_kill	actTtiss + drugBtisskill + Btiss + RTXt_ugperml + BlinBtisskill -> actTtiss + drugBtisskill + RTXt_ugperml + BlinBtisskill	fBkill*kBkill*(drugBtisskill + BlinBtisskill + RTXt_ugperml/(Kmkill_rtx/1000+RTXt_ugperml))*Btiss	0	1		[]	[]	
18	restTpb_apop	restTpb -> null	kTgen*fTgenbl*restTpb + fTrapop*kTaapop*max(0,restTpb-Trpbref_perml*Vpb)	0	1	SimBiology.KineticLaw	[]	[]	
19	actTtraffic	actTpb + injection_effect + drug_effect <-> actTtiss + injection_effect + drug_effect	tissue1on*kTaexit*Vpb*((1+fa0*(finj*injection_effect+fdrug*drug_effect))*actTpb/Vpb*KTrp*fTap-actTtiss/Vtissue)	1	1		[]	[]	
20	actTpb_apop	actTpb -> null	kTaapop*(actTpb + fAICD*actTpb^2/(Vpb*Trpbref_perml))	0	1	SimBiology.KineticLaw	[]	[]	
21	BAFFcons	BAFF + Btiss + Bpb + Btiss2 -> Btiss + Bpb + Btiss2	log(2)/(thBAFF/24/60)*(fBAFFo*BAFF/BAFFo+(1-fBAFFo)*(Btiss+ Bpb + Btiss2)/(Bpbref_perml*(Vpb+KBp*Vtissue + KBp2*Vtissue2)))	0	1	SimBiology.KineticLaw	[]	[]	
22	BAFFprod	null -> BAFF	log(2)/(thBAFF/24/60) * (fBAFFo+(1-fBAFFo)*Bpbo_perml/Bpbref_perml)	0	1	SimBiology.KineticLaw	[]	[]	
23	act0Tpb_deact	act0Tpb -> restTpb	act0on*fTa0deact*act0Tpb	0	1	SimBiology.KineticLaw	[]	[]	
24	act0Tpb_activn	act0Tpb + drugTpbact + BlinTpbact <-> actTpb + drugTpbact + BlinTpbact	act0on*kTact*((drugTpbact+BlinTpbact)*act0Tpb-fTadeact*actTpb)	1	1		[]	[]	
25	act0Tpb_apop	act0Tpb -> null	fTa0apop*kTaapop*act0Tpb	0	1	SimBiology.KineticLaw	[]	[]	
26	act0Ttiss_apop	act0Ttiss -> null	fTa0apop*kTaapop*act0Ttiss	0	1	SimBiology.KineticLaw	[]	[]	
27	act0Ttiss_activn	act0Ttiss + drugTtissact + BlinTtissact <-> actTtiss + drugTtissact + BlinTtissact	act0on*kTact*((drugTtissact+BlinTtissact)*act0Ttiss-fTadeact*actTtiss)	1	1		[]	[]	
28	act0Ttiss_deact	act0Ttiss -> restTtiss	act0on*fTa0deact*act0Ttiss	0	1	SimBiology.KineticLaw	[]	[]	
29	act0Ttraffic	act0Tpb + injection_effect + drug_effect <-> act0Ttiss + injection_effect + drug_effect	tissue1on*act0on*kTrexit*Vpb*((1+finj*injection_effect+fdrug*drug_effect)*act0Tpb/Vpb*KTrp-act0Ttiss/Vtissue)	1	1	SimBiology.KineticLaw	[]	[]	
30	actTpb_prolif	actTpb -> actTpb + act0Tpb	act0on*fTaprolif*kTprolif*actTpb	0	1		[]	[]	
31	actTtiss_prolif	actTtiss -> actTtiss + act0Ttiss	act0on*fTaprolif*kTprolif*actTtiss	0	1		[]	[]	
32	UnnamedReaction_32	injection_effect -> null	log(2)/tinjhalf*injection_effect	0	1	SimBiology.KineticLaw	[]	[]	
33	actTtiss_prolif_2	actTtiss2 -> actTtiss2 + act0Ttiss2	act0on*fTaprolif*kTprolif*actTtiss2	0	1		[]	[]	
34	act0Ttraffic_2	act0Tpb + injection_effect + drug_effect <-> act0Ttiss2 + injection_effect + drug_effect	tissue2on*act0on*kTrexit*Vpb*((1+finj*injection_effect+fdrug*drug_effect)*act0Tpb/Vpb*KTrp2-act0Ttiss2/Vtissue2)	1	1	SimBiology.KineticLaw	[]	[]	
35	act0Ttiss_deact_2	act0Ttiss2 -> restTtiss2	act0on*fTa0deact*act0Ttiss2	0	1	SimBiology.KineticLaw	[]	[]	
36	act0Ttiss_activn_2	act0Ttiss2 + drugTtissact2 + BlinTtissact2 <-> actTtiss2 + drugTtissact2 + BlinTtissact2	act0on*kTact*((drugTtissact2+BlinTtissact2)*act0Ttiss2-fTadeact*actTtiss2)	1	1		[]	[]	
37	act0Ttiss_apop_2	act0Ttiss2 -> null	fTa0apop*kTaapop*act0Ttiss2	0	1	SimBiology.KineticLaw	[]	[]	
38	actTtraffic_2	actTpb + injection_effect + drug_effect <-> actTtiss2 + injection_effect + drug_effect	tissue2on*kTaexit*Vpb*((1+fa0*(finj*injection_effect+fdrug*drug_effect))*actTpb/Vpb*KTrp2*fTap-actTtiss2/Vtissue2)	1	1		[]	[]	
39	Btiss_kill_2	actTtiss2 + drugBtisskill2 + Btiss2 + RTXt2_ugperml + BlinBtisskill2 -> actTtiss2 + drugBtisskill2 + RTXt2_ugperml + BlinBtisskill2	fBkill*kBkill*(drugBtisskill2+ BlinBtisskill2 + RTXt2_ugperml/(Kmkill_rtx/1000+RTXt2_ugperml))*Btiss2	0	1		[]	[]	
40	Btraffic_2	Bpb -> Btiss2	tissue2on*fBexit*kTaexit*Vpb*max(0, Bpb/Vpb*KBp2-Btiss2/Vtissue2)	0	1	SimBiology.KineticLaw	[]	[]	
41	restTtraffic_2	restTpb + injection_effect + drug_effect <-> restTtiss2 + injection_effect + drug_effect	tissue2on*kTrexit*Vpb*((1+finj*injection_effect+fdrug*drug_effect)*restTpb/Vpb*KTrp2-restTtiss2/Vtissue2)	1	1	SimBiology.KineticLaw	[]	[]	
42	UnnamedReaction_42	actTtiss2 + Btiss2 + drugBtisskill2 + TDBt2_ugperml -> actTtiss2 + Btiss2 + drugBtisskill2 + TDBt2_ugperml	0	0	1		[]	[]	
43	UnnamedReaction_43	restTtiss2 + Btiss2 + drugTtissact2 + TDBt2_ugperml -> restTtiss2 + Btiss2 + drugTtissact2 + TDBt2_ugperml	0	0	1		[]	[]	
44	Btiss_apop_2	Btiss2 -> null	0*fBprolif*kBprolif*Btiss2*kBapop_cll	0	1	SimBiology.KineticLaw	[]	[]	
45	Ttiss_activn_2	restTtiss2 + drugTtissact2 + BlinTtissact2 <-> actTtiss2 + drugTtissact2 + BlinTtissact2	kTact*((drugTtissact2+BlinTtissact2)*restTtiss2-fTadeact*actTtiss2)	1	1	SimBiology.KineticLaw	[]	[]	
46	Btiss_prolf_2	Btiss2 -> 2 Btiss2	kBprolif*KBp2*Bpbref_perml*Vtissue2*(max(0, 1 - Btiss2/(KBp2*Bpbref_perml*Vtissue2)))^1	0	1	SimBiology.KineticLaw	[]	[]	
47	RTXdistr	RTXc_ugperkg <-> RTXp_ugperkg	Cld_rtx*(RTXc_ugperkg/Vc_rtx-RTXp_ugperkg/Vp_rtx)	1	1	SimBiology.KineticLaw	[]	[]	
48	RTXclear	RTXc_ugperkg <-> null	(Cl_rtx+Vm_rtx/(Km_rtx+RTXc_ugperkg/Vc_rtx)/BW)/Vc_rtx*RTXc_ugperkg	1	1	SimBiology.KineticLaw	[]	[]	
49	UnnamedReaction_49	drug_effect -> null	log(2)/tinjhalf*drug_effect	0	1		[]	[]	
50	B19no20tiss3_gen	null -> B19no20tiss3	Bpbref_perml*KBp3*B19no20_B1920_ratio*Vtissue3*(kBapop+(kBapop/kBmat_kBapop_ratio))* (1+5*(max(0, 1 - (Bpb+Btiss+Btiss2)/(Bpbref_perml*Vpb+KBp*Bpbo_perml*Vtissue+KBp2*Bpbo_perml*Vtissue2)))^1)	0	1		[]	[]	
51	B19n020tiss3_mat	B19no20tiss3 -> B1920tiss3	(kBapop/kBmat_kBapop_ratio)*B19no20tiss3	0	1		[]	[]	
52	Btraffic_3_v1	B1920tiss3 -> Bpb	tissue3on*fBtissue3_v1*kBtiss3exit*Vpb*max(0,B1920tiss3/Vtissue3-Bpb/Vpb*KBp3)	0	1		[]	[]	
53	B19no20tiss3_apop	B19no20tiss3 -> null	kBapop*B19no20tiss3*kBapop_cll	0	1		[]	[]	
54	B1920tiss3_apop	B1920tiss3 -> null	kBapop*B1920tiss3*kBapop_cll	0	1		[]	[]	
55	restTtraffic_3	restTpb + injection_effect + drug_effect <-> restTtiss3 + drug_effect + injection_effect	tissue3on*kTrexit*Vpb*((1+finj*injection_effect+fdrug*drug_effect)*restTpb/Vpb*KTrp3-restTtiss3/Vtissue3)	1	1		[]	[]	
56	B1920tiss3_kill	actTtiss3 + RTXt3_ugperml + drugBtisskill3 + B1920tiss3 + BlinBtisskill3 -> actTtiss3 + RTXt3_ugperml + drugBtisskill3 + BlinBtisskill3	fBkill*kBkill*(drugBtisskill3+ BlinBtisskill3 + RTXt3_ugperml/(Kmkill_rtx/1000+RTXt3_ugperml))*B1920tiss3	0	1		[]	[]	
57	act0Ttraffic_3	act0Tpb + injection_effect + drug_effect <-> act0Ttiss3 + injection_effect + drug_effect	tissue3on*act0on*kTrexit*Vpb*((1+finj*injection_effect+fdrug*drug_effect)*act0Tpb/Vpb*KTrp3-act0Ttiss3/Vtissue3)	1	1		[]	[]	
58	actTtraffic_3	actTpb + injection_effect + drug_effect <-> actTtiss3 + drug_effect + injection_effect	tissue3on*kTaexit*Vpb*((1+fa0*(finj*injection_effect+fdrug*drug_effect))*actTpb/Vpb*KTrp3*fTap-actTtiss3/Vtissue3)	1	1		[]	[]	
59	act0Ttiss_apop_3	act0Ttiss3 -> null	fTa0apop*kTaapop*act0Ttiss3	0	1		[]	[]	
60	act0Ttiss_activn_3	act0Ttiss3 + drugTtissact3 + BlinTtissact3 <-> actTtiss3 + drugTtissact3 + BlinTtissact3	act0on*kTact*((drugTtissact3+BlinTtissact3)*act0Ttiss3-fTadeact*actTtiss3)	1	1		[]	[]	
61	act0Ttiss_deact_3	act0Ttiss3 -> restTtiss3	act0on*fTa0deact*act0Ttiss3	0	1		[]	[]	
62	Ttiss_activn_3	restTtiss3 + drugTtissact3 + BlinTtissact3 <-> actTtiss3 + drugTtissact3 + BlinTtissact3	kTact*((drugTtissact3+BlinTtissact3)*restTtiss3-fTadeact*actTtiss3)	1	1		[]	[]	
63	actTtiss_prolif_3	actTtiss3 -> act0Ttiss3 + actTtiss3	act0on*fTaprolif*kTprolif*actTtiss3	0	1		[]	[]	
64	UnnamedReaction_64	drugTtissact3 + TDBt3_ugperml + restTtiss3 + B1920tiss3 -> drugTtissact3 + TDBt3_ugperml + restTtiss3 + B1920tiss3	0	0	1		[]	[]	
65	Btiss3_19_kill	B19no20tiss3 + actTtiss3 + BlinBtisskill3 -> actTtiss3 + BlinBtisskill3	fBkill*kBkill*BlinBtisskill3*B19no20tiss3	0	1		[]	[]	
66	UnnamedReaction_66	drugBtisskill3 + TDBt3_ugperml + actTtiss3 + B1920tiss3 -> drugBtisskill3 + TDBt3_ugperml + actTtiss3 + B1920tiss3	0	0	1		[]	[]	
67	UnnamedReaction_67	B19no20tiss3 + B1920tiss3 + B19tiss3 -> B1920tiss3 + B19no20tiss3 + B19tiss3	0	0	1		[]	[]	
68	restTtiss_apop_v24	restTtiss -> null	fapop_v24*fTrapop*kTaapop*(Trpbref_perml*Vtissue*KTrp)*max(0,restTtiss/(Trpbref_perml*Vtissue*KTrp)-1)	0	1		[]	[]	
69	restTtiss_apop_v24_2	restTtiss2 -> null	fapop_v24*fTrapop*kTaapop*(Trpbref_perml*Vtissue2*KTrp2)*max(0,restTtiss2/(Trpbref_perml*Vtissue2*KTrp2)-1)	0	1		[]	[]	
70	actTtiss_apop_v24	actTtiss -> null	fapop_v24*kTaapop*(actTtiss+fAICD*actTtiss^2/(KTrp*Vtissue*Trpbref_perml))	0	1		[]	[]	
71	actTtiss_apop_v24_2	actTtiss2 -> null	fapop_v24*kTaapop*(actTtiss2+fAICD*actTtiss2^2/(Vtissue2*KTrp2*Trpbref_perml))	0	1		[]	[]	
72	restTtiss_apop_v24_3	restTtiss3 -> null	fapop_v24*fTrapop*kTaapop*(Trpbref_perml*Vtissue3*KTrp3)*max(0,restTtiss3/(Trpbref_perml*Vtissue3*KTrp3)-1)	0	1		[]	[]	
73	actTtiss_apop_v24_3	actTtiss3 -> null	fapop_v24*kTaapop*(actTtiss3+fAICD*actTtiss3^2/(Vtissue3*KTrp3*Trpbref_perml))	0	1		[]	[]	
74	Bpb_prolif_test	null -> Bpb	tissue3on*fBtissue3_v1*kBprolif*kBapop_cll*Bpbref_perml*Vpb*(max(0, 1 -Bpb/(Bpbref_perml*Vpb)))^1	0	1		[]	[]	
75	Blinclear	Blinc_ug <-> null	Cl_blin*Blinc_ug/Vz_blin	1	1	SimBiology.KineticLaw	[]	[]	
76	UnnamedReaction_76	Bpb + BlinBpbkill + actTpb + Blinc_ngperml -> Bpb + BlinBpbkill + actTpb + Blinc_ngperml	0	0	1		[]	[]	
77	UnnamedReaction_77	Blinc_ngperml + BlinTpbact + Bpb + restTpb -> Blinc_ngperml + BlinTpbact + Bpb + restTpb	0	0	1		[]	[]	
78	UnnamedReaction_78	Btiss + Blint_ngperml + actTtiss + BlinBtisskill -> BlinBtisskill + Blint_ngperml + actTtiss + Btiss	0	0	1		[]	[]	
79	UnnamedReaction_79	Btiss + restTtiss + Blint_ngperml + BlinTtissact -> Blint_ngperml + Btiss + BlinTtissact + restTtiss	0	0	1		[]	[]	
80	UnnamedReaction_80	Blint2_ngperml + BlinTtissact2 + Btiss2 + restTtiss2 -> Blint2_ngperml + BlinTtissact2 + Btiss2 + restTtiss2	0	0	1		[]	[]	
81	UnnamedReaction_81	Blint2_ngperml + BlinBtisskill2 + Btiss2 + actTtiss2 -> BlinBtisskill2 + Blint2_ngperml + Btiss2 + actTtiss2	0	0	1		[]	[]	
82	UnnamedReaction_82	BlinBtisskill3 + Blint3_ngperml + actTtiss3 + B19tiss3 -> BlinBtisskill3 + Blint3_ngperml + actTtiss3 + B19tiss3	0	0	1		[]	[]	
83	UnnamedReaction_83	BlinTtissact3 + Blint3_ngperml + restTtiss3 + B19tiss3 -> BlinTtissact3 + Blint3_ngperml + restTtiss3 + B19tiss3	0	0	1		[]	[]	
84	B1920tiss3_prolf	null -> B1920tiss3	kBprolif*KBp3*Bpbref_perml*Vtissue3*(max(0, 1 - B1920tiss3/(KBp3*Bpbref_perml*Vtissue3)))^1	0	1		[]	[]	
85	B19no20tiss3_prolif	null -> B19no20tiss3	kBprolif*KBp3*Bpbref_perml*B19no20_B1920_ratio*Vtissue3*(max(0, 1 - B19no20tiss3/(KBp3*Bpbref_perml*B19no20_B1920_ratio*Vtissue3)))^1	0	1		[]	[]	
86	act0Ttumor_deact	act0Ttumor -> restTtumor	act0on*fTa0deact*act0Ttumor	0	1	SimBiology.KineticLaw	[]	[]	
87	act0Ttumor_activn	act0Ttumor + drugTtumoract + BlinTtumoract <-> actTtumor + drugTtumoract + BlinTtumoract	act0on*kTact*((drugTtumoract+BlinTtumoract)*act0Ttumor-fTadeact*actTtumor)	1	1	SimBiology.KineticLaw	[]	[]	
88	actTtumor_prolif	actTtumor -> act0Ttumor + actTtumor	act0on*fTaprolif*kTprolif*actTtumor	0	1	SimBiology.KineticLaw	[]	[]	
89	Ttumor_activn	restTtumor + drugTtumoract + BlinTtumoract <-> actTtumor + drugTtumoract + BlinTtumoract	kTact*((drugTtumoract+BlinTtumoract)*restTtumor-fTadeact*actTtumor)	1	1	SimBiology.KineticLaw	[]	[]	
90	UnnamedReaction_90	BlinTtumoract + Blintumor_ngperml + restTtumor + Btumor -> BlinTtumoract + Blintumor_ngperml + Btumor + restTtumor	0	0	1	SimBiology.KineticLaw	[]	[]	
91	UnnamedReaction_91	Blintumor_ngperml + Btumor + BlinBtumorkill + actTtumor -> Blintumor_ngperml + BlinBtumorkill + actTtumor + Btumor	0	0	1	SimBiology.KineticLaw	[]	[]	
92	UnnamedReaction_92	drugTtumoract + Btumor + restTtumor + TDBtumor_ugperml -> drugTtumoract + Btumor + TDBtumor_ugperml + restTtumor	0	0	1	SimBiology.KineticLaw	[]	[]	
93	UnnamedReaction_93	TDBtumor_ugperml + Btumor + actTtumor + drugBtumorkill -> TDBtumor_ugperml + Btumor + drugBtumorkill + actTtumor	0	0	1	SimBiology.KineticLaw	[]	[]	
94	Btumor_prolf	Btumor -> 2 Btumor	kBtumorprolif*Btumor + 0*kBprolif*KBptumor*Bpbref_perml*Vtumor*(max(0, 1 - Btumor/(KBptumor*Bpbref_perml*Vtumor)))^1	0	1	SimBiology.KineticLaw	[]	[]	
95	Btumor_apop	Btumor -> null	0*fBprolif*kBprolif*Btumor	0	1	SimBiology.KineticLaw	[]	[]	
96	Btumor_kill	Btumor + actTtumor + BlinBtumorkill + drugBtumorkill + RTXtumor_ugperml -> actTtumor + BlinBtumorkill + drugBtumorkill + RTXtumor_ugperml	fBkill*kBkill*(drugBtumorkill+ BlinBtumorkill + RTXtumor_ugperml/(Kmkill_rtx/1000+RTXtumor_ugperml))*Btumor	0	1	SimBiology.KineticLaw	[]	[]	
97	actTtumor_apop_v24	actTtumor -> null	fapop_v24*kTaapop*(actTtumor+fAICD*actTtumor^2/(Vtumor*KTrptumor*Trpbref_perml))	0	1	SimBiology.KineticLaw	[]	[]	
98	Btraffic_tumor	Bpb -> Btumor	Bcell_tumor_trafficking_on*tumor_on*fBexit*kTaexit*Vpb*max(0, Bpb/Vpb*KBptumor-Btumor/Vtumor)	0	1	SimBiology.KineticLaw	[]	[]	
99	restTtraffic_tumor	restTpb + drug_effect + injection_effect <-> restTtumor + drug_effect + injection_effect	tumor_on*kTrexit*Vpb*((1+finj*injection_effect+fdrug*drug_effect)*restTpb/Vpb*KTrptumor-restTtumor/Vtumor)	1	1	SimBiology.KineticLaw	[]	[]	
100	actTtraffic_tumor	actTpb + drug_effect + injection_effect <-> actTtumor + injection_effect + drug_effect	tumor_on*kTaexit*Vpb*((1+fa0*(finj*injection_effect+fdrug*drug_effect))*actTpb/Vpb*KTrptumor*fTap-actTtumor/Vtumor)	1	1	SimBiology.KineticLaw	[]	[]	
101	act0Ttraffic_tumor	act0Tpb + drug_effect + injection_effect <-> act0Ttumor + injection_effect + drug_effect	tumor_on*act0on*kTrexit*Vpb*((1+finj*injection_effect+fdrug*drug_effect)*act0Tpb/Vpb*KTrptumor-act0Ttumor/Vtumor)	1	1	SimBiology.KineticLaw	[]	[]	
102	act0Ttumor_apop	act0Ttumor -> null	fTa0apop*kTaapop*act0Ttumor	0	1	SimBiology.KineticLaw	[]	[]	
103	restTtumor_apop_v24	restTtumor -> null	fapop_v24*fTrapop*kTaapop*(Trpbref_perml*Vtumor*KTrptumor)*max(0,restTtumor/(Trpbref_perml*Vtumor*KTrptumor)-1)	0	1	SimBiology.KineticLaw	[]	[]	
104	TDB_abs	TDBsc_ugperkg -> TDBc_ugperkg	kabs_TDB*fbio_TDB*TDBsc_ugperkg	0	1	SimBiology.KineticLaw	[]	[]	
105	TDBSC_loss	TDBsc_ugperkg -> null	kabs_TDB*(1-fbio_TDB)*TDBsc_ugperkg	0	1	SimBiology.KineticLaw	[]	[]	
106	UnnamedReaction_106	null -> TDBc_ugperml_AUC	TDBc_ugperml	0	1	SimBiology.KineticLaw	[]	[]	
107	UnnamedReaction_107	null -> IL6pb	kIL6prod*actTpb/Vpb*(Bpb_perml/Bpbref_perml)*((TDBc_ugperml*1000)^ndrugactT/(KdrugactT^ndrugactT+(TDBc_ugperml*1000)^ndrugactT)+Blinc_ngperml^ndrugactT_blin/(Blinc_ngperml^ndrugactT_blin+KdrugactT_blin^ndrugactT_blin))	0	1	SimBiology.KineticLaw	[]	[]	
108	UnnamedReaction_108	IL6pb -> null	log(2)/(thalfIL6/60/24)*IL6pb	0	1	SimBiology.KineticLaw	[]	[]	
109	UnnamedReaction_109	null -> IL6tiss	kIL6prod*actTtiss/Vtissue*(Btiss_perml/(Bpbref_perml*KBp))*((TDBt_ugperml*1000)^ndrugactT/(KdrugactT^ndrugactT+(TDBt_ugperml*1000)^ndrugactT)+Blint_ngperml^ndrugactT_blin/(Blint_ngperml^ndrugactT_blin+KdrugactT_blin^ndrugactT_blin))	0	1	SimBiology.KineticLaw	[]	[]	
110	UnnamedReaction_110	IL6tiss -> null	log(2)/(thalfIL6/60/24)*IL6tiss	0	1	SimBiology.KineticLaw	[]	[]	
111	UnnamedReaction_111	null -> IL6tiss2	kIL6prod*actTtiss2/Vtissue2*(Btiss2_perml/(Bpbref_perml*KBp2))*((TDBt2_ugperml*1000)^ndrugactT/(KdrugactT^ndrugactT+(TDBt2_ugperml*1000)^ndrugactT)+Blint2_ngperml^ndrugactT_blin/(Blint2_ngperml^ndrugactT_blin+KdrugactT_blin^ndrugactT_blin))	0	1	SimBiology.KineticLaw	[]	[]	
112	UnnamedReaction_112	IL6tiss2 -> null	log(2)/(thalfIL6/60/24)*IL6tiss2	0	1	SimBiology.KineticLaw	[]	[]	
113	UnnamedReaction_113	null -> IL6tiss3	kIL6prod*actTtiss3/Vtissue3*((B1920tiss3_perml/(Bpbref_perml*KBp3))*((TDBt3_ugperml*1000)^ndrugactT/(KdrugactT^ndrugactT+(TDBt3_ugperml*1000)^ndrugactT))+(B19tiss3_perml/(Bpbref_perml*KBp3*(1+B19no20_B1920_ratio)))*(Blint3_ngperml^ndrugactT_blin/(Blint3_ngperml^ndrugactT_blin+KdrugactT_blin^ndrugactT_blin)))	0	1	SimBiology.KineticLaw	[]	[]	
114	UnnamedReaction_114	IL6tiss3 -> null	log(2)/(thalfIL6/60/24)*IL6tiss3	0	1	SimBiology.KineticLaw	[]	[]	
115	UnnamedReaction_115	null -> IL6tumor	kIL6prod*actTtumor/Vtumor*(Btumor_perml/(Bpbref_perml*KBptumor))*((TDBtumor_ugperml*1000)^ndrugactT/(KdrugactT^ndrugactT+(TDBtumor_ugperml*1000)^ndrugactT)+Blintumor_ngperml^ndrugactT_blin/(Blintumor_ngperml^ndrugactT_blin+KdrugactT_blin^ndrugactT_blin))	0	1	SimBiology.KineticLaw	[]	[]	
116	UnnamedReaction_116	IL6tumor -> null	log(2)/(thalfIL6/60/24)*IL6tumor	0	1	SimBiology.KineticLaw	[]	[]	
