idx	name	rule_type	rule	active	tag
1		initialAssignment	restTpb = (1-depleteTpb)*Trpbo_perml*Vpb	1	
2		initialAssignment	restTtiss = KTrp*Trpbo_perml*Vtissue	1	
3		initialAssignment	restTtiss2 = KTrp2*Trpbo_perml*Vtissue2	1	
4		initialAssignment	restTtiss3 = KTrp3*Trpbo_perml*Vtissue3	1	
5		initialAssignment	restTtumor = KTrptumor*Trpbo_perml*Vtumor	1	
6		initialAssignment	Bpb = (1-depleteBpb)*Bpbo_perml*Vpb	1	
7		initialAssignment	Btiss = KBp*Bpbo_perml*Vtissue	1	
8		initialAssignment	Btiss2 = KBp2*Bpbo_perml*Vtissue2	1	
9		initialAssignment	B1920tiss3 = Bpbref_perml*KBp3*Vtissue3	1	
10		initialAssignment	B19no20tiss3 = Bpbref_perml*KBp3*B19no20_B1920_ratio*Vtissue3	1	
11		initialAssignment	Btumor = KBptumor*Bpbo_perml*Vtumor	1	
12		initialAssignment	BAFF = BAFFo	1	
13		repeatedAssignment	TDBc_ugperml = PK_v26(TDBc_ugperkg, Vc_tdb, PKflag, VPid, time, end_time, fvalidation)	1	
14		repeatedAssignment	TDBt_ugperml = Kp*TDBc_ugperml	1	
15		repeatedAssignment	TDBt2_ugperml = Kp2*TDBc_ugperml	1	
16		repeatedAssignment	TDBt3_ugperml = tissue3on*Kp3*TDBc_ugperml	1	
17		repeatedAssignment	TDBtumor_ugperml = tumor_on*Kptumor*TDBc_ugperml	1	
18		repeatedAssignment	RTXc_ugperml = (RTXc_ugperkg/Vc_rtx>1e-5)*RTXc_ugperkg/Vc_rtx	1	
19		repeatedAssignment	RTXt_ugperml = RTXc_ugperml*Kp	1	
20		repeatedAssignment	RTXt2_ugperml = RTXc_ugperml*Kp2	1	
21		repeatedAssignment	RTXt3_ugperml = tissue3on*RTXc_ugperml*Kp3	1	
22		repeatedAssignment	RTXtumor_ugperml = tumor_on*RTXc_ugperml*Kptumor	1	
23		repeatedAssignment	Blinc_ngperml = Blinc_ug/Vz_blin*1000	1	
24		repeatedAssignment	Blint_ngperml = Kp*Blinc_ngperml	1	
25		repeatedAssignment	Blint2_ngperml = Kp2*Blinc_ngperml	1	
26		repeatedAssignment	Blint3_ngperml = tissue3on*Kp3*Blinc_ngperml	1	
27		repeatedAssignment	Blintumor_ngperml = tumor_on*Kptumor*Blinc_ngperml	1	
28		repeatedAssignment	restTpb_perml = restTpb/Vpb	1	
29		repeatedAssignment	restTtiss_perml = restTtiss/Vtissue	1	
30		repeatedAssignment	restTtiss2_perml = restTtiss2/Vtissue2	1	
31		repeatedAssignment	restTtiss3_perml = restTtiss3/Vtissue3	1	
32		repeatedAssignment	restTtumor_perml = restTtumor/Vtumor	1	
33		repeatedAssignment	act0Tpb_perml = act0Tpb/Vpb	1	
34		repeatedAssignment	act0Ttiss_perml = act0Ttiss/Vtissue	1	
35		repeatedAssignment	act0Ttiss2_perml = act0Ttiss2/Vtissue2	1	
36		repeatedAssignment	act0Ttiss3_perml = act0Ttiss3/Vtissue3	1	
37		repeatedAssignment	act0Ttumor_perml = act0Ttumor/Vtumor	1	
38		repeatedAssignment	actTpb_perml = actTpb/Vpb	1	
39		repeatedAssignment	actTtiss_perml = actTtiss/Vtissue	1	
40		repeatedAssignment	actTtiss2_perml = actTtiss2/Vtissue2	1	
41		repeatedAssignment	actTtiss3_perml = actTtiss3/Vtissue3	1	
42		repeatedAssignment	actTtumor_perml = actTtumor/Vtumor	1	
43		repeatedAssignment	B19tiss3 = B19no20tiss3+B1920tiss3	1	
44		repeatedAssignment	Bpb_perml = Bpb/Vpb	1	
45		repeatedAssignment	Btiss_perml = Btiss/Vtissue	1	
46		repeatedAssignment	Btiss2_perml = Btiss2/Vtissue2	1	
47		repeatedAssignment	B19tiss3_perml = B19tiss3/Vtissue3	1	
48		repeatedAssignment	B1920tiss3_perml = B1920tiss3/Vtissue3	1	
49		repeatedAssignment	B19no20tiss3_perml = B19no20tiss3/Vtissue3	1	
50		repeatedAssignment	Btumor_perml = Btumor/Vtumor	1	
51		repeatedAssignment	BTrratio_pb = Bpb/max(restTpb+act0Tpb,1)	1	
52		repeatedAssignment	BTrratio_tiss = Btiss/max(restTtiss+act0Ttiss,1)	1	
53		repeatedAssignment	BTrratio_tiss2 = Btiss2/max(restTtiss2+act0Ttiss2,1)	1	
54		repeatedAssignment	B19Trratio_tiss3 = B19tiss3/max(restTtiss3+act0Ttiss3,1)	1	
55		repeatedAssignment	B1920Trratio_tiss3 = B1920tiss3/max(restTtiss3+act0Ttiss3,1)	1	
56		repeatedAssignment	BTrratio_tumor = Btumor/max(restTtumor+act0Ttumor,1)	1	
57		repeatedAssignment	TaBratio_pb = actTpb/max(Bpb,1)	1	
58		repeatedAssignment	TaBratio_tiss = actTtiss/max(Btiss,1)	1	
59		repeatedAssignment	TaBratio_tiss2 = actTtiss2/max(Btiss2,1)	1	
60		repeatedAssignment	TaB19ratio_tiss3 = actTtiss3/max(B19tiss3,1)	1	
61		repeatedAssignment	TaB1920ratio_tiss3 = actTtiss3/max(B1920tiss3,1)	1	
62		repeatedAssignment	TaBratio_tumor = actTtumor/max(Btumor,1)	1	
63		repeatedAssignment	Tafraction_pb = actTpb_perml/max(totTpb_perml,1)	1	
64		repeatedAssignment	Tafraction_tiss = actTtiss_perml/max(totTtiss_perml,1)	1	
65		repeatedAssignment	Tafraction_tiss2 = actTtiss2_perml/max(totTtiss2_perml,1)	1	
66		repeatedAssignment	Tafraction_tiss3 = actTtiss3_perml/max(totTtiss3_perml,1)	1	
67		repeatedAssignment	Tafraction_tumor = actTtumor_perml/max(totTtumor_perml,1)	1	
68		repeatedAssignment	totTpb_perml = restTpb_perml+act0Tpb_perml + actTpb_perml	1	
69		repeatedAssignment	totTtiss_perml = restTtiss_perml + act0Ttiss_perml + actTtiss_perml	1	
70		repeatedAssignment	totTtiss2_perml = restTtiss2_perml + act0Ttiss2_perml + actTtiss2_perml	1	
71		repeatedAssignment	totTtiss3_perml = restTtiss3_perml + act0Ttiss3_perml + actTtiss3_perml	1	
72		repeatedAssignment	totTtumor_perml = restTtumor_perml + act0Ttumor_perml + actTtumor_perml	1	
73		repeatedAssignment	drugTpbact = VmT*(BTrratio_pb^S/(KmBT_act^S+BTrratio_pb^S))*((TDBc_ugperml*1000)^ndrugactT/(KdrugactT^ndrugactT+(TDBc_ugperml*1000)^ndrugactT))	1	
74		repeatedAssignment	drugTtissact = fTact*VmT*(BTrratio_tiss^S/(KmBT_act^S+BTrratio_tiss^S))*((TDBt_ugperml*1000)^ndrugactT/(KdrugactT^ndrugactT+(TDBt_ugperml*1000)^ndrugactT))	1	
75		repeatedAssignment	drugTtissact2 = fTact*VmT*(BTrratio_tiss2^S/(KmBT_act^S+BTrratio_tiss2^S))*((TDBt2_ugperml*1000)^ndrugactT/(KdrugactT^ndrugactT+(TDBt2_ugperml*1000)^ndrugactT))	1	
76		repeatedAssignment	drugTtissact3 = fTact*VmT*(B1920Trratio_tiss3^S/(KmBT_act^S+B1920Trratio_tiss3^S))*((TDBt3_ugperml*1000)^ndrugactT/(KdrugactT^ndrugactT+(TDBt3_ugperml*1000)^ndrugactT))	1	
77		repeatedAssignment	drugTtumoract = fTact*VmT*(max(BTrratio_tumor, 0)^S/(KmBT_act^S+max(BTrratio_tumor, 0)^S))*((TDBtumor_ugperml*1000)^ndrugactT/(KdrugactT^ndrugactT+(TDBtumor_ugperml*1000)^ndrugactT))	1	
78		repeatedAssignment	drugBpbkill = VmB*max(0, TaBratio_pb)^nkill/(max(0, KmTB_kill)^nkill+max(0, TaBratio_pb)^nkill)*((TDBc_ugperml*1000)/(KdrugB+(TDBc_ugperml*1000)))	1	
79		repeatedAssignment	drugBtisskill = VmB*max(0, TaBratio_tiss)^nkill/(max(0, KmTB_kill*fKmTB_kill)^nkill+max(0, TaBratio_tiss)^nkill)*((TDBt_ugperml*1000)/(KdrugB+(TDBt_ugperml*1000)))	1	
80		repeatedAssignment	drugBtisskill2 = VmB*max(0, TaBratio_tiss2)^nkill/(max(0, KmTB_kill*fKmTB_kill)^nkill+max(0, TaBratio_tiss2)^nkill)*((TDBt2_ugperml*1000)/(KdrugB+(TDBt2_ugperml*1000)))	1	
81		repeatedAssignment	drugBtisskill3 = VmB*max(0,TaB1920ratio_tiss3)^nkill/(max(0,KmTB_kill*fKmTB_kill)^nkill+max(0,TaB1920ratio_tiss3)^nkill)*((TDBt3_ugperml*1000)/(KdrugB+(TDBt3_ugperml*1000)))	1	
82		repeatedAssignment	drugBtumorkill = VmB*max(0, TaBratio_tumor)^nkill/(max(0, KmTB_kill*fKmTB_kill)^nkill+max(0, TaBratio_tumor)^nkill)*((TDBtumor_ugperml*1000)/(KdrugB+(TDBtumor_ugperml*1000)))	1	
83		repeatedAssignment	BlinTpbact = VmT*(BTrratio_pb^S/(KmBT_act_blin^S+BTrratio_pb^S))*(Blinc_ngperml^ndrugactT_blin/(Blinc_ngperml^ndrugactT_blin+KdrugactT_blin^ndrugactT_blin))	1	
84		repeatedAssignment	BlinTtissact = fTact*VmT*(BTrratio_tiss^S/(KmBT_act_blin^S+BTrratio_tiss^S))*(Blint_ngperml^ndrugactT_blin/(Blint_ngperml^ndrugactT_blin+KdrugactT_blin^ndrugactT_blin))	1	
85		repeatedAssignment	BlinTtissact2 = fTact*VmT*(BTrratio_tiss2^S/(KmBT_act_blin^S+BTrratio_tiss2^S))*(Blint2_ngperml^ndrugactT_blin/(Blint2_ngperml^ndrugactT_blin+KdrugactT_blin^ndrugactT_blin))	1	
86		repeatedAssignment	BlinTtissact3 = fTact*VmT*(B19Trratio_tiss3^S/(KmBT_act_blin^S+B19Trratio_tiss3^S))*(Blint3_ngperml^ndrugactT_blin/(Blint3_ngperml^ndrugactT_blin+KdrugactT_blin^ndrugactT_blin))	1	
87		repeatedAssignment	BlinTtumoract = fTact*VmT*(max(BTrratio_tumor,0)^S/(KmBT_act_blin^S+max(BTrratio_tumor, 0)^S))*(Blintumor_ngperml^ndrugactT_blin/(Blintumor_ngperml^ndrugactT_blin+KdrugactT_blin^ndrugactT_blin))	1	
88		repeatedAssignment	BlinBpbkill = VmB*max(0, TaBratio_pb)^nkill_blin/(max(0, KmTB_kill_blin)^nkill_blin+max(0, TaBratio_pb)^nkill_blin)*(Blinc_ngperml/(KdrugB_blin+Blinc_ngperml))	1	
89		repeatedAssignment	BlinBtisskill = VmB*max(0, TaBratio_tiss)^nkill_blin/(max(0, KmTB_kill_blin*fKmTB_kill)^nkill_blin+max(0, TaBratio_tiss)^nkill_blin)*(Blint_ngperml/(KdrugB_blin+Blint_ngperml))	1	
90		repeatedAssignment	BlinBtisskill2 = VmB*max(0, TaBratio_tiss2)^nkill_blin/(max(0, KmTB_kill_blin*fKmTB_kill)^nkill_blin+max(0, TaBratio_tiss2)^nkill_blin)*(Blint2_ngperml/(KdrugB_blin+Blint2_ngperml))	1	
91		repeatedAssignment	BlinBtisskill3 = VmB*max(0,TaB19ratio_tiss3)^nkill_blin/(max(0,KmTB_kill_blin*fKmTB_kill)^nkill_blin+max(0,TaB19ratio_tiss3)^nkill_blin)*(Blint3_ngperml/(KdrugB_blin+Blint3_ngperml))	1	
92		repeatedAssignment	BlinBtumorkill = VmB*max(0, TaBratio_tumor)^nkill_blin/(max(0, KmTB_kill_blin*fKmTB_kill)^nkill_blin+max(0, TaBratio_tumor)^nkill_blin)*(Blintumor_ngperml/(KdrugB_blin+Blintumor_ngperml))	1	
93		repeatedAssignment	Bpb_norm = Bpb_perml/Bpbref_perml	1	
94		repeatedAssignment	totTtiss = restTtiss + act0Ttiss + actTtiss	1	
95		repeatedAssignment	totTtiss2 = restTtiss2 + act0Ttiss2 + actTtiss2	1	
96		repeatedAssignment	totTtiss3 = restTtiss3 + act0Ttiss3 + actTtiss3	1	
97		repeatedAssignment	totTtumor = restTtumor + act0Ttumor + actTtumor	1	
98		repeatedAssignment	Baffconsumption = log(2)/thBAFF*BAFF*(Btiss+Bpb + Btiss2)/(Bpbref_perml*(Vpb+KBp*Vtissue+KBp2*Vtissue2))	1	
99	rule_2	repeatedAssignment	BTtotRatio_tiss = Btiss_perml/totTtiss_perml	1	
100	rule_3	repeatedAssignment	BTtotRatio_tiss2 = Btiss2_perml/totTtiss2_perml	1	
101	rule_4	repeatedAssignment	unnamed.IL6combo = IL6pb+IL6_tiss_contribution*(IL6tiss*Vtissue+IL6tiss2*Vtissue2+IL6tiss3*Vtissue3+IL6tumor*Vtumor)/Vpb	1	
