idx	name	parent	initial_amount	initial_amount_units	units	constant_amount	boundary_condition	constant	type	notes	tag
1	actTtiss	unnamed	0			0	0	0	species		
2	Btiss	unnamed	0			0	0	0	species		
3	TDBc_ugperkg	unnamed	0			0	0	0	species		
4	actTpb	unnamed	0			0	0	0	species		
5	drugBtisskill	unnamed	0			0	0	0	species		
6	drugTtissact	unnamed	0			0	0	0	species		
7	restTtiss	unnamed	0			0	0	0	species		
8	TDBp_ugperkg	unnamed	0			0	0	0	species		
9	restTpb	unnamed	2000000			0	0	0	species		
10	Bpb	unnamed	0			0	0	0	species		
11	TDBc_ugperml	unnamed	0			0	0	0	species		
12	TDBt_ugperml	unnamed	0			0	0	0	species		
13	drugTpbact	unnamed	0			0	0	0	species		
14	drugBpbkill	unnamed	0			0	0	0	species		
15	restTtiss_perml	unnamed	0			0	0	0	species		
16	actTtiss_perml	unnamed	0			0	0	0	species		
17	Btiss_perml	unnamed	0			0	0	0	species		
18	restTpb_perml	unnamed	0			0	0	0	species		
19	actTpb_perml	unnamed	0			0	0	0	species		
20	Bpb_perml	unnamed	0			0	0	0	species		
21	BTrratio_pb	unnamed	0			0	0	0	species		
22	BTrratio_tiss	unnamed	0			0	0	0	species		
23	TaBratio_pb	unnamed	0			0	0	0	species		
24	TaBratio_tiss	unnamed	0			0	0	0	species		
25	Tafraction_pb	unnamed	0			0	0	0	species		
26	totTpb_perml	unnamed	0			0	0	0	species		
27	totTtiss_perml	unnamed	0			0	0	0	species		
28	act0Ttiss_perml	unnamed	0			0	0	0	species		
29	act0Tpb_perml	unnamed	0			0	0	0	species		
30	Tafraction_tiss	unnamed	0			0	0	0	species		
31	BAFF	unnamed	0.1			0	0	0	species		
32	Baffconsumption	unnamed	0			0	0	0	species		
33	act0Tpb	unnamed	0			0	0	0	species		
34	act0Ttiss	unnamed	0			0	0	0	species		
35	injection_effect	unnamed	0			0	0	0	species		
36	Btiss2	unnamed	0			0	0	0	species		
37	act0Tpb_1	unnamed	0			0	0	0	species		
38	Bpb_1	unnamed	0			0	0	0	species		
39	restTpb_1	unnamed	2000000			0	0	0	species		
40	actTpb_1	unnamed	0			0	0	0	species		
41	act0Ttiss2	unnamed	0			0	0	0	species		
42	restTtiss2	unnamed	0			0	0	0	species		
43	TDBt2_ugperml	unnamed	0			0	0	0	species		
44	drugTtissact2	unnamed	0			0	0	0	species		
45	drugBtisskill2	unnamed	0			0	0	0	species		
46	actTtiss2	unnamed	0			0	0	0	species		
47	Tafraction_tiss2	unnamed	0			0	0	0	species		
48	act0Ttiss2_perml	unnamed	0			0	0	0	species		
49	totTtiss2_perml	unnamed	0			0	0	0	species		
50	TaBratio_tiss2	unnamed	0			0	0	0	species		
51	BTrratio_tiss2	unnamed	0			0	0	0	species		
52	Btiss2_perml	unnamed	0			0	0	0	species		
53	actTtiss2_perml	unnamed	0			0	0	0	species		
54	restTtiss2_perml	unnamed	0			0	0	0	species		
55	RTXc_ugperkg	unnamed	0			0	0	0	species		
56	RTXp_ugperkg	unnamed	0			0	0	0	species		
57	RTXc_ugperml	unnamed	0			0	0	0	species		
58	RTXt_ugperml	unnamed	0			0	0	0	species		
59	RTXt2_ugperml	unnamed	0			0	0	0	species		
60	drug_effect	unnamed	0			0	0	0	species		
61	B1920tiss3	unnamed	0			0	0	0	species		
62	B19no20tiss3	unnamed	0			0	0	0	species		
63	restTtiss3	unnamed	0			0	0	0	species		
64	act0Ttiss3	unnamed	0			0	0	0	species		
65	actTtiss3	unnamed	0			0	0	0	species		
66	drugTtissact3	unnamed	0			0	0	0	species		
67	TDBt3_ugperml	unnamed	0			0	0	0	species		
68	B19Trratio_tiss3	unnamed	0			0	0	0	species		
69	B19tiss3	unnamed	0			0	0	0	species		
70	restTtiss3_perml	unnamed	0			0	0	0	species		
71	act0Ttiss3_perml	unnamed	0			0	0	0	species		
72	actTtiss3_perml	unnamed	0			0	0	0	species		
73	B19tiss3_perml	unnamed	0			0	0	0	species		
74	Tafraction_tiss3	unnamed	0			0	0	0	species		
75	totTtiss3_perml	unnamed	0			0	0	0	species		
76	TaB19ratio_tiss3	unnamed	0			0	0	0	species		
77	B19TtotRatio_tiss3	unnamed	0			0	0	0	species		
78	RTXt3_ugperml	unnamed	0			0	0	0	species		
79	drugBtisskill3	unnamed	0			0	0	0	species		
80	TaB1920ratio_tiss3	unnamed	0			0	0	0	species		
81	B1920tiss3_perml	unnamed	0			0	0	0	species		
82	B1920Trratio_tiss3	unnamed	0			0	0	0	species		
83	B19no20tiss3_perml	unnamed	0			0	0	0	species		
84	Blinc_ug	unnamed	0			0	0	0	species		
85	Blinc_ngperml	unnamed	0			0	0	0	species		
86	BlinTpbact	unnamed	0			0	0	0	species		
87	BlinBpbkill	unnamed	0			0	0	0	species		
88	BlinTtissact	unnamed	0			0	0	0	species		
89	BlinBtisskill	unnamed	0			0	0	0	species		
90	Blint_ngperml	unnamed	0			0	0	0	species		
91	Blint2_ngperml	unnamed	0			0	0	0	species		
92	BlinBtisskill2	unnamed	0			0	0	0	species		
93	BlinTtissact2	unnamed	0			0	0	0	species		
94	BlinBtisskill3	unnamed	0			0	0	0	species		
95	Blint3_ngperml	unnamed	0			0	0	0	species		
96	BlinTtissact3	unnamed	0			0	0	0	species		
97	Bpb_norm	unnamed	0			0	0	0	species		
98	Tafraction_pb_init	unnamed	0			0	0	0	species		
99	totTtiss	unnamed	0			0	0	0	species		
100	totTtiss2	unnamed	0			0	0	0	species		
101	totTtiss3	unnamed	0			0	0	0	species		
102	restTtumor	unnamed	0			0	0	0	species		
103	actTtumor	unnamed	0			0	0	0	species		
104	Btumor	unnamed	0			0	0	0	species		
105	act0Ttumor	unnamed	0			0	0	0	species		
106	drugTtumoract	unnamed	0			0	0	0	species		
107	drugBtumorkill	unnamed	0			0	0	0	species		
108	BlinTtumoract	unnamed	0			0	0	0	species		
109	BlinBtumorkill	unnamed	0			0	0	0	species		
110	TDBtumor_ugperml	unnamed	0			0	0	0	species		
111	restTtumor_perml	unnamed	0			0	0	0	species		
112	act0Ttumor_perml	unnamed	0			0	0	0	species		
113	actTtumor_perml	unnamed	0			0	0	0	species		
114	Btumor_perml	unnamed	0			0	0	0	species		
115	Tafraction_tumor	unnamed	0			0	0	0	species		
116	BTrratio_tumor	unnamed	0			0	0	0	species		
117	TaBratio_tumor	unnamed	0			0	0	0	species		
118	totTtumor	unnamed	0			0	0	0	species		
119	totTtumor_perml	unnamed	0			0	0	0	species		
120	Blintumor_ngperml	unnamed	0			0	0	0	species		
121	RTXtumor_ugperml	unnamed	0			0	0	0	species		
122	BTtotRatio_tiss	unnamed	0			0	0	0	species		
123	BTtotRatio_tiss2	unnamed	0			0	0	0	species		
124	TDBsc_ugperkg	unnamed	0			0	0	0	species		
125	TDBc_ugperml_AUC	unnamed	0			0	0	0	species		
126	IL6pb	unnamed	0			0	0	0	species		
127	IL6tiss	unnamed	0			0	0	0	species		
128	IL6tiss2	unnamed	0			0	0	0	species		
129	IL6tiss3	unnamed	0			0	0	0	species		
130	IL6tumor	unnamed	0			0	0	0	species		
131	IL6combo	unnamed	0			0	0	0	species		
